id,name,team,position,price,total_points,minutes,goals_scored,assists,clean_sheets,goals_conceded,yellow_cards,red_cards,saves,bonus,bps,influence,creativity,threat,ict_index,form,points_per_game,selected_by_percent,transfers_in,transfers_out
1,Raya,Arsenal,GKP,6.0,162,3330,0,0,19,26,1,0,60,11,633,541.6,33.5,0.0,57.5,0.0,4.4,30.4,0,0
2,Arrizabalaga,Arsenal,GKP,5.0,2,90,0,0,0,1,0,0,2,0,11,19.8,0.0,0.0,2.0,0.0,2.0,0.2,0,0
3,Meslier,Arsenal,GKP,5.0,0,0,11,0,0,0,0,0,0,0,11,0.0,0.0,0.0,0.0,0.0,0.0,0.1,0,0
4,Gabriel,Arsenal,DEF,8.0,209,2750,3,5,18,20,4,0,0,30,724,824.0,128.5,298.0,125.0,0.0,6.5,25.5,0,0
5,J.Timber,Arsenal,DEF,6.5,149,2452,3,6,13,20,5,0,0,9,532,499.0,402.6,352.0,125.7,0.0,5.0,0.6,0,0
6,Saliba,Arsenal,DEF,6.0,137,2614,1,0,15,20,2,0,0,12,581,552.6,201.0,90.0,84.3,0.0,4.4,0.5,0,0
7,Lewis-Skelly,Arsenal,MID,5.5,29,697,0,0,2,8,3,0,0,0,110,73.2,74.6,29.0,17.6,0.0,1.4,0.3,0,0
8,Calafiori,Arsenal,DEF,5.5,109,1697,1,2,13,8,5,0,0,6,389,283.0,182.3,313.0,77.9,0.0,4.2,14.2,0,0
9,Hincapie,Arsenal,DEF,5.5,87,1787,1,2,5,19,2,0,0,7,335,453.6,184.7,72.0,70.9,0.0,3.5,4.7,0,0
10,White,Arsenal,DEF,5.5,45,699,0,1,5,6,0,0,0,3,181,154.8,133.4,54.0,34.3,0.0,3.8,0.0,0,0
11,Mosquera,Arsenal,DEF,5.5,40,986,0,0,3,8,4,0,0,1,195,219.2,88.7,20.0,32.9,0.0,2.0,17.3,0,0
12,Saka,Arsenal,MID,9.5,157,2218,7,10,12,16,2,0,0,18,570,627.0,847.6,828.0,230.6,0.0,5.1,10.7,0,0
13,Rice,Arsenal,MID,7.5,184,3093,4,9,18,25,3,0,0,23,790,827.2,1027.4,298.0,215.4,0.0,5.1,22.2,0,0
14,Eze,Arsenal,MID,6.5,113,1885,7,3,11,14,1,0,0,8,439,393.4,305.7,455.0,115.1,0.0,3.4,3.3,0,0
15,Ødegaard,Arsenal,MID,6.5,74,1363,1,7,6,13,0,0,0,5,306,311.8,564.4,168.0,104.4,0.0,3.1,3.0,0,0
16,Madueke,Arsenal,MID,6.5,72,1205,3,1,8,9,0,0,0,9,254,257.4,352.8,404.0,101.3,0.0,2.8,0.4,0,0
17,Merino,Arsenal,MID,6.0,67,1024,4,3,4,10,1,0,0,5,236,304.4,191.8,244.0,73.6,0.0,3.0,1.3,0,0
18,Martinelli,Arsenal,MID,6.5,57,1065,1,5,2,8,3,0,0,3,195,204.6,202.2,390.0,79.0,0.0,1.9,0.3,0,0
19,Zubimendi,Arsenal,MID,5.5,133,2991,5,1,16,25,4,0,0,9,604,603.2,385.1,271.0,126.2,0.0,3.5,1.5,0,0
20,Dowman,Arsenal,MID,5.5,16,152,1,1,1,1,0,0,0,0,51,45.2,55.5,65.0,16.6,0.0,2.7,0.1,0,0
21,Nørgaard,Arsenal,MID,5.0,7,101,0,0,0,1,0,0,0,0,28,23.4,5.5,10.0,4.0,0.0,1.0,0.1,0,0
22,Nwaneri,Arsenal,MID,5.5,8,165,0,0,1,0,0,0,0,0,20,8.6,22.5,24.0,5.4,0.0,1.3,0.0,0,0
23,Fábio Vieira,Arsenal,MID,5.5,0,0,0,0,0,0,0,0,0,0,0,0.0,0.0,0.0,0.0,0.0,0.0,0.0,0,0
24,Nelson,Arsenal,MID,5.5,13,118,0,1,0,2,0,0,0,0,39,42.6,32.6,29.0,10.0,0.0,1.3,0.0,0,0
25,Gyökeres,Arsenal,FWD,7.5,128,2217,14,1,12,14,5,0,0,16,474,539.6,271.7,772.0,157.5,0.0,3.6,13.3,0,0
26,Havertz,Arsenal,FWD,7.5,36,577,2,3,4,4,1,0,0,3,143,152.6,134.6,210.0,49.9,0.0,3.0,4.0,0,0
27,G.Jesus,Arsenal,FWD,6.0,24,418,3,0,1,6,3,0,0,0,92,141.8,54.3,281.0,47.5,0.0,1.7,0.4,0,0
557,Tzolis,Arsenal,MID,6.5,0,0,0,0,0,0,0,0,0,0,0,0.0,0.0,0.0,0.0,0.0,0.0,1.3,0,0
28,Martinez,Aston Villa,GKP,5.0,120,2835,0,1,7,39,2,0,95,11,530,769.8,23.2,0.0,79.2,0.0,3.8,4.4,0,0
29,M.Bizot,Aston Villa,GKP,4.5,16,585,0,0,1,10,2,0,19,0,75,139.2,0.0,0.0,13.9,0.0,2.3,0.1,0,0
30,Digne,Aston Villa,DEF,4.5,97,1842,0,7,7,23,3,0,0,5,381,400.2,455.5,130.0,98.5,0.0,3.1,1.4,0,0
31,Konsa,Aston Villa,DEF,4.5,100,3035,0,1,9,44,0,1,0,3,497,601.4,108.3,124.0,84.0,0.0,2.9,18.0,0,0
32,Cash,Aston Villa,DEF,4.5,117,3016,3,3,8,38,9,0,0,7,450,643.0,510.7,221.0,137.5,0.0,3.3,7.9,0,0
33,Mings,Aston Villa,DEF,4.5,50,1322,0,1,3,23,1,0,0,4,169,282.6,80.5,105.0,46.8,0.0,2.9,0.2,0,0
34,Pau,Aston Villa,DEF,4.5,64,1673,0,2,5,19,1,0,0,2,280,321.8,47.1,79.0,45.1,0.0,3.0,0.2,0,0
35,Bogarde,Aston Villa,MID,5.0,40,1042,0,0,2,17,5,0,0,4,121,133.0,59.4,14.0,20.6,0.0,1.4,0.1,0,0
36,Maatsen,Aston Villa,DEF,4.5,54,1590,0,1,2,27,2,0,0,1,242,336.6,373.4,231.0,94.3,0.0,1.8,0.6,0,0
37,Lindelöf,Aston Villa,DEF,4.5,29,942,0,1,1,15,0,0,0,0,124,167.8,36.6,22.0,22.7,0.0,1.7,0.2,0,0
38,A.García,Aston Villa,DEF,4.0,5,83,0,0,0,3,0,0,0,0,12,17.8,3.2,2.0,2.3,0.0,0.8,1.5,0,0
39,Nedeljkovic,Aston Villa,DEF,4.0,0,0,0,0,0,0,0,0,0,0,0,0.0,0.0,0.0,0.0,0.0,0.0,0.4,0,0
41,Buendía,Aston Villa,MID,6.0,102,1753,6,2,3,24,6,0,0,10,382,427.0,402.1,398.0,121.4,0.0,2.8,0.8,0,0
42,Guessand,Aston Villa,MID,5.5,44,909,1,3,2,15,0,0,0,0,143,159.4,76.6,187.0,42.0,0.0,2.1,0.0,0,0
44,Bailey,Aston Villa,MID,5.5,21,450,0,2,0,9,1,0,0,0,69,71.2,160.4,69.0,30.1,0.0,1.6,0.1,0,0
45,McGinn,Aston Villa,MID,5.5,103,2136,5,4,8,28,5,0,0,6,443,459.8,605.3,309.0,137.3,0.0,3.4,2.8,0,0
46,Barkley,Aston Villa,MID,5.0,56,844,3,2,1,15,1,0,0,5,221,227.8,162.3,191.0,58.1,0.0,2.7,0.2,0,0
47,Kamara,Aston Villa,MID,5.0,61,1410,1,3,5,15,5,0,0,7,282,325.0,241.3,75.0,64.2,0.0,3.4,0.1,0,0
48,Onana,Aston Villa,MID,5.0,76,1755,2,0,6,26,3,0,0,4,353,413.2,152.6,178.0,74.4,0.0,3.0,0.0,0,0
49,Iling Jr,Aston Villa,MID,5.0,0,0,0,0,0,0,0,0,0,0,0,0.0,0.0,0.0,0.0,0.0,0.0,0.0,0,0
50,Burrowes,Aston Villa,MID,4.5,1,16,0,0,0,1,0,0,0,0,3,0.0,0.3,0.0,0.0,0.0,1.0,1.0,0,0
51,George Hemmings,Aston Villa,MID,4.5,2,25,0,0,0,0,0,0,0,0,5,0.0,1.7,2.0,0.3,0.0,1.0,0.2,0,0
52,Alysson,Aston Villa,MID,5.0,3,47,0,0,0,2,0,0,0,0,11,3.2,3.5,10.0,1.5,0.0,1.0,0.0,0,0
53,Manzambi,Aston Villa,MID,6.0,0,0,0,0,0,0,0,0,0,0,0,0.0,0.0,0.0,0.0,0.0,0.0,2.7,0,0
54,Gomes,Aston Villa,MID,5.5,85,2207,1,1,4,41,9,0,0,4,421,486.6,353.4,176.0,102.0,0.0,3.0,0.3,0,0
55,Watkins,Aston Villa,FWD,8.0,167,2833,16,4,9,38,4,0,0,26,623,720.2,330.9,1206.0,225.2,0.0,4.5,12.2,0,0
56,Abraham,Aston Villa,FWD,5.5,23,278,2,0,0,8,0,0,0,2,93,87.2,49.2,136.0,27.1,0.0,1.9,0.0,0,0
160,Garnacho,Aston Villa,MID,6.0,56,1261,1,4,4,20,2,0,0,3,222,211.4,405.3,399.0,100.5,0.0,2.3,1.1,0,0
57,Petrović,Bournemouth,GKP,4.5,124,3420,0,0,11,54,3,0,109,5,512,822.6,0.0,0.0,82.4,0.0,3.3,3.5,0,0
58,Forster,Bournemouth,GKP,4.0,0,0,0,0,0,0,0,0,0,0,0,0.0,0.0,0.0,0.0,0.0,0.0,3.1,0,0
59,Dennis,Bournemouth,GKP,4.0,0,0,0,0,0,0,0,0,0,0,0,0.0,0.0,0.0,0.0,0.0,0.0,0.2,0,0
60,Hill,Bournemouth,DEF,5.5,110,2102,0,3,8,24,5,0,0,4,386,579.4,161.7,119.0,86.3,0.0,3.8,1.3,0,0
61,Truffert,Bournemouth,DEF,5.5,165,3378,1,6,11,51,5,0,0,19,607,857.0,574.2,194.0,162.6,0.0,4.3,4.6,0,0
62,Diakité,Bournemouth,DEF,5.0,46,1275,0,0,4,27,1,0,0,2,164,267.0,54.3,22.0,34.4,0.0,2.6,0.2,0,0
63,Milosavljević,Bournemouth,DEF,5.0,19,367,0,0,1,6,0,0,0,0,63,98.4,13.9,10.0,12.2,0.0,2.7,0.1,0,0
64,Smith,Bournemouth,DEF,4.5,58,1073,0,2,6,16,3,0,0,4,185,176.2,76.6,18.0,27.1,0.0,2.6,0.1,0,0
65,J.Araujo,Bournemouth,DEF,4.5,0,0,0,0,0,0,0,0,0,0,0,0.0,0.0,0.0,0.0,0.0,0.0,0.1,0,0
66,Soler,Bournemouth,DEF,4.0,3,34,0,0,0,2,0,0,0,0,2,1.8,2.5,2.0,0.6,0.0,1.0,0.6,0,0
67,Rayan,Bournemouth,MID,6.5,67,1110,5,2,6,10,1,0,0,3,238,277.6,211.9,263.0,75.3,0.0,4.5,3.4,0,0
68,Tavernier,Bournemouth,MID,6.0,137,2732,7,4,11,44,6,0,0,14,552,656.8,816.6,605.0,207.9,0.0,4.0,1.6,0,0
69,Scott,Bournemouth,MID,6.0,136,2848,3,2,11,41,5,0,0,9,603,597.2,482.0,314.0,139.0,0.0,3.7,1.6,0,0
70,Kluivert,Bournemouth,MID,6.0,41,945,2,0,4,19,5,0,0,3,147,148.0,305.1,135.0,58.8,0.0,2.0,0.9,0,0
71,Cook,Bournemouth,MID,5.0,40,872,0,1,1,19,1,1,0,0,190,206.8,183.8,12.0,40.6,0.0,2.2,0.1,0,0
72,Gannon-Doak,Bournemouth,MID,5.0,11,105,0,1,0,1,0,0,0,0,33,32.4,17.8,39.0,8.9,0.0,1.4,0.2,0,0
73,Adams,Bournemouth,MID,5.0,77,1769,2,2,7,28,8,0,0,3,346,387.0,158.2,115.0,66.3,0.0,3.1,0.7,0,0
74,Brooks,Bournemouth,MID,5.0,59,1188,1,3,5,20,7,0,0,4,215,236.2,384.5,434.0,104.1,0.0,1.9,0.2,0,0
75,Christie,Bournemouth,MID,5.0,47,978,2,1,3,14,3,1,0,2,214,226.6,197.0,220.0,64.7,0.0,1.8,0.1,0,0
76,Tóth.A,Bournemouth,MID,5.0,8,135,0,0,0,3,1,0,0,0,32,18.6,60.2,18.0,9.6,0.0,0.9,0.0,0,0
77,Adli,Bournemouth,MID,5.0,67,1074,3,2,3,17,2,0,0,4,241,272.6,235.9,260.0,76.1,0.0,2.2,0.2,0,0
78,Kroupi.Jr,Bournemouth,MID,7.5,113,1663,13,0,10,21,5,0,0,13,480,532.2,306.9,563.0,139.9,0.0,3.4,8.9,0,0
79,Evanilson,Bournemouth,FWD,6.0,115,2741,6,7,11,40,2,0,0,6,412,350.6,397.9,809.0,155.5,0.0,3.2,1.9,0,0
80,Enes Ünal,Bournemouth,FWD,5.5,27,214,1,0,0,3,1,0,0,1,83,70.2,25.0,104.0,19.1,0.0,1.2,0.2,0,0
81,Rodríguez,Bournemouth,FWD,6.0,0,0,0,0,0,0,0,0,0,0,0,0.0,0.0,0.0,0.0,0.0,0.0,0.2,0,0
82,Kelleher,Brentford,GKP,5.0,143,3330,0,0,10,49,1,0,109,11,570,913.8,23.0,0.0,93.8,0.0,3.9,5.5,0,0
83,Valdimarsson,Brentford,GKP,4.5,1,90,0,0,0,3,0,0,1,0,1,13.0,0.0,0.0,1.3,0.0,1.0,0.1,0,0
84,Collins,Brentford,DEF,5.5,129,2971,1,2,9,44,7,0,0,7,450,848.6,143.8,325.0,131.9,0.0,3.7,2.0,0,0
85,Van den Berg,Brentford,DEF,5.0,113,2761,0,3,8,41,2,0,0,3,435,659.0,98.0,305.0,106.3,0.0,3.5,0.7,0,0
86,Lewis-Potter,Brentford,MID,5.5,115,1960,3,4,9,32,1,0,0,5,356,378.2,332.2,353.0,106.4,0.0,3.2,0.5,0,0
87,Ajer,Brentford,DEF,4.5,76,1805,0,2,5,32,4,0,0,1,211,401.4,59.1,165.0,62.7,0.0,2.8,0.7,0,0
88,Kayode,Brentford,DEF,4.5,113,3258,1,2,10,49,8,0,0,9,494,613.8,470.2,130.0,121.7,0.0,3.1,4.4,0,0
89,Henry,Brentford,DEF,4.5,52,1322,0,2,4,22,2,0,0,0,144,151.6,82.0,35.0,26.9,0.0,2.1,0.2,0,0
90,Hickey,Brentford,DEF,4.5,37,679,0,0,2,9,1,0,0,0,105,101.4,17.1,43.0,16.0,0.0,1.8,0.1,0,0
91,Pinnock,Brentford,DEF,4.5,14,318,0,0,1,5,1,0,0,2,53,88.6,1.2,33.0,12.3,0.0,3.5,0.1,0,0
92,Ji-soo,Brentford,DEF,4.5,0,0,0,0,0,0,0,0,0,0,0,0.0,0.0,0.0,0.0,0.0,0.0,0.0,0,0
93,Schuster,Brentford,DEF,4.5,0,0,0,0,0,0,0,0,0,0,0,0.0,0.0,0.0,0.0,0.0,0.0,0.1,0,0
94,Schade,Brentford,MID,6.0,125,2744,8,5,11,34,6,1,0,5,385,536.8,380.1,821.0,172.8,0.0,3.6,2.4,0,0
95,O.Dango,Brentford,MID,6.5,136,2271,7,8,6,35,5,0,0,16,429,509.8,422.8,702.0,162.8,0.0,4.2,1.3,0,0
96,Damsgaard,Brentford,MID,5.5,113,2046,4,4,5,32,0,0,0,9,467,530.6,691.3,326.0,155.0,0.0,3.4,0.7,0,0
97,Jensen,Brentford,MID,5.5,98,2239,3,2,9,33,3,0,0,1,465,435.6,632.7,201.0,126.9,0.0,2.7,0.1,0,0
98,Janelt,Brentford,MID,5.0,74,1434,1,4,5,21,8,0,0,6,334,350.4,351.8,97.0,79.0,0.0,3.0,0.1,0,0
99,Milambo,Brentford,MID,5.0,1,45,0,0,0,3,0,0,0,0,5,4.0,1.8,0.0,0.6,0.0,1.0,0.0,0,0
100,Carvalho,Brentford,MID,5.0,13,100,1,0,0,4,0,0,0,1,42,39.0,6.5,36.0,8.1,0.0,2.2,0.0,0,0
101,Henderson,Brentford,MID,5.0,76,1911,1,3,6,28,6,0,0,5,343,336.6,358.3,49.0,74.4,0.0,2.4,0.1,0,0
102,Yarmoliuk,Brentford,MID,5.0,104,2652,1,3,8,42,7,0,0,1,448,445.0,273.0,117.0,83.4,0.0,2.8,1.6,0,0
103,Dasilva,Brentford,MID,5.0,2,2,0,0,0,0,0,0,0,0,5,0.4,11.3,4.0,1.6,0.0,1.0,0.0,0,0
105,Anthony,Brentford,MID,6.0,0,0,0,0,0,0,0,0,0,0,0,0.0,0.0,0.0,0.0,0.0,0.0,0.2,0,0
106,Thiago,Brentford,FWD,8.0,181,3282,22,1,10,50,7,0,0,22,710,1019.4,382.5,1170.0,256.9,0.0,4.8,15.9,0,0
107,Furo,Brentford,FWD,4.5,1,1,0,0,0,0,0,0,0,0,2,0.0,0.0,0.0,0.0,0.0,1.0,0.9,0,0
108,Wilson,Brentford,FWD,5.5,0,0,0,0,0,0,0,0,0,0,0,0.0,0.0,0.0,0.0,0.0,0.0,0.4,0,0
109,Verbruggen,Brighton,GKP,4.5,130,3420,0,0,10,46,3,0,106,6,616,935.0,10.0,0.0,94.7,0.0,3.4,16.7,0,0
110,Rushworth,Brighton,GKP,4.5,0,0,0,0,0,0,0,0,0,0,0,0.0,0.0,0.0,0.0,0.0,0.0,0.6,0,0
111,Steele,Brighton,GKP,4.0,0,0,0,0,0,0,0,0,0,0,0,0.0,0.0,0.0,0.0,0.0,0.0,5.0,0,0
113,F.Kadıoğlu,Brighton,DEF,4.5,118,3130,1,2,10,41,6,0,0,7,514,505.0,444.8,284.0,123.7,0.0,3.2,3.1,0,0
114,Boscagli,Brighton,DEF,4.5,39,799,0,1,3,10,2,0,0,4,171,215.6,82.2,12.0,31.1,0.0,3.2,0.1,0,0
115,De Cuyper,Brighton,DEF,4.5,84,1404,2,3,5,23,2,0,0,9,318,327.8,516.6,154.0,99.9,0.0,2.8,1.6,0,0
116,Dunk,Brighton,DEF,4.5,100,2837,1,1,7,40,10,0,0,5,443,649.6,125.5,210.0,98.7,0.0,3.0,0.7,0,0
117,Coppola,Brighton,DEF,4.5,10,193,0,0,1,3,2,0,0,0,32,42.4,3.7,2.0,4.8,0.0,2.0,0.0,0,0
118,Igor,Brighton,DEF,4.5,6,103,0,0,0,3,0,0,0,0,10,25.8,10.6,0.0,3.6,0.0,1.5,0.1,0,0
119,Costinha,Brighton,DEF,4.5,0,0,0,0,0,0,0,0,0,0,0,0.0,0.0,0.0,0.0,0.0,0.0,0.0,0,0
120,Svoboda,Brighton,DEF,5.0,0,0,0,0,0,0,0,0,0,0,0,0.0,0.0,0.0,0.0,0.0,0.0,0.1,0,0
121,Mitoma,Brighton,MID,6.0,62,1714,3,1,5,20,5,0,0,2,247,288.4,422.3,416.0,112.3,0.0,2.5,0.3,0,0
122,Minteh,Brighton,MID,6.0,117,2389,3,8,11,33,3,0,0,9,466,491.8,691.4,617.0,180.3,0.0,3.4,0.7,0,0
123,Hinshelwood,Brighton,MID,6.0,91,1736,4,5,7,23,0,0,0,2,317,312.6,228.0,412.0,94.8,0.0,3.4,0.3,0,0
124,Groß,Brighton,MID,5.5,78,1636,1,6,6,17,2,0,0,10,389,397.2,668.2,220.0,128.5,0.0,4.1,4.3,0,0
125,Georginio,Brighton,FWD,5.5,87,1776,3,5,7,20,2,0,0,2,290,338.6,349.5,448.0,113.5,0.0,2.7,0.8,0,0
126,O'Riley,Brighton,MID,5.5,16,202,1,0,1,3,0,0,0,2,48,65.4,67.7,63.0,19.6,0.0,2.7,0.1,0,0
127,Gomez,Brighton,MID,5.0,97,2117,5,1,8,29,9,0,0,9,361,438.2,319.7,432.0,119.0,0.0,3.0,2.0,0,0
128,Buonanotte,Brighton,MID,5.0,3,81,0,0,0,4,1,0,0,0,9,13.2,40.0,21.0,7.4,0.0,0.8,0.1,0,0
129,Ayari,Brighton,MID,5.5,98,1921,3,4,6,24,1,0,0,7,406,359.8,251.3,231.0,84.5,0.0,3.4,0.6,0,0
130,Wieffer,Brighton,DEF,5.0,94,1901,2,4,6,26,8,0,0,6,398,477.0,291.1,209.0,97.7,0.0,3.6,0.3,0,0
131,Baleba,Brighton,MID,5.0,56,1646,0,0,7,19,5,0,0,0,231,166.8,156.3,44.0,36.8,0.0,1.8,0.6,0,0
132,Howell,Brighton,MID,4.5,4,92,0,0,0,2,0,0,0,0,11,10.2,5.1,2.0,1.8,0.0,1.3,0.3,0,0
133,Watson,Brighton,MID,5.0,5,57,0,0,0,2,1,0,0,0,15,6.0,2.4,7.0,1.6,0.0,0.8,0.0,0,0
134,Oriola,Brighton,MID,4.5,1,1,0,0,0,0,0,0,0,0,3,0.0,0.0,0.0,0.0,0.0,1.0,0.2,0,0
135,Yohanna,Brighton,MID,5.0,0,0,0,0,0,0,0,0,0,0,0,0.0,0.0,0.0,0.0,0.0,0.0,0.1,0,0
136,Welbeck,Brighton,FWD,6.0,126,2249,13,1,10,28,5,0,0,18,511,578.8,309.7,803.0,168.2,0.0,3.4,2.9,0,0
137,Tzimas,Brighton,FWD,5.5,16,132,1,1,0,2,0,0,0,0,55,66.6,65.7,44.0,17.7,0.0,1.8,0.1,0,0
138,Kostoulas,Brighton,FWD,5.5,35,351,2,1,1,9,2,0,0,3,140,143.6,126.5,255.0,52.4,0.0,1.7,0.3,0,0
139,Ferguson,Brighton,FWD,5.0,0,0,0,0,0,0,0,0,0,0,0,0.0,0.0,0.0,0.0,0.0,0.0,0.0,0,0
328,Struijk,Brighton,DEF,5.0,108,2935,0,1,7,48,5,0,0,4,412,697.4,161.5,272.0,113.1,0.0,3.2,0.5,0,0
504,Vuskovic,Brighton,DEF,5.0,0,0,0,0,0,0,0,0,0,0,0,0.0,0.0,0.0,0.0,0.0,0.0,2.7,0,0
40,Rogers,Chelsea,MID,7.5,169,3280,10,8,9,48,7,0,0,17,605,746.2,706.2,871.0,232.0,0.0,4.6,32.3,0,0
140,Sánchez,Chelsea,GKP,5.0,113,3040,0,1,9,49,3,1,98,7,509,822.2,50.0,0.0,86.7,0.0,3.2,2.0,0,0
141,Jörgensen,Chelsea,GKP,5.0,9,378,0,0,0,5,0,0,8,0,50,79.8,0.0,0.0,7.9,0.0,1.8,0.1,0,0
142,James,Chelsea,DEF,5.5,115,1957,2,6,8,20,4,0,0,11,493,459.0,483.7,116.0,106.1,0.0,4.0,8.1,0,0
143,Chalobah,Chelsea,DEF,5.5,136,2780,3,1,9,40,3,1,0,7,516,719.2,111.2,160.0,99.1,0.0,4.0,2.1,0,0
144,Gusto,Chelsea,DEF,5.0,96,2255,2,3,7,36,3,1,0,7,406,443.6,448.5,205.0,109.8,0.0,2.8,1.2,0,0
145,Fofana,Chelsea,DEF,5.0,65,1718,0,2,4,25,5,2,0,3,288,463.6,65.6,74.0,60.4,0.0,2.6,0.0,0,0
146,B.Badiashile,Chelsea,DEF,4.5,7,470,0,0,0,10,2,0,0,0,48,102.8,7.9,2.0,11.4,0.0,0.9,0.0,0,0
147,Tosin,Chelsea,DEF,4.5,34,788,0,0,2,14,2,0,0,2,130,240.4,33.3,19.0,29.3,0.0,2.1,0.1,0,0
148,Hato,Chelsea,DEF,4.5,19,1139,0,0,0,27,7,0,0,0,93,233.2,114.9,36.0,38.4,0.0,0.9,1.4,0,0
149,Colwill,Chelsea,DEF,5.0,8,225,0,0,0,4,0,0,0,0,30,66.0,7.6,6.0,8.0,0.0,2.7,2.0,0,0
150,M.Sarr,Chelsea,DEF,4.5,3,100,0,0,0,3,0,0,0,0,4,6.4,0.1,7.0,1.3,0.0,1.0,0.1,0,0
151,Acheampong,Chelsea,DEF,4.5,39,657,1,0,2,13,1,0,0,5,118,132.6,40.9,70.0,24.4,0.0,2.3,0.2,0,0
152,Palestra,Chelsea,DEF,5.5,0,0,0,0,0,0,0,0,0,0,0,0.0,0.0,0.0,0.0,0.0,0.0,1.5,0,0
153,Disasi,Chelsea,DEF,4.5,0,0,0,0,0,0,0,0,0,0,0,0.0,0.0,0.0,0.0,0.0,0.0,0.1,0,0
154,Palmer,Chelsea,MID,9.5,114,1954,10,2,3,33,5,0,0,11,430,536.6,393.6,547.0,147.7,0.0,4.4,13.2,0,0
155,Enzo,Chelsea,MID,7.0,157,3114,10,5,8,46,10,0,0,19,700,835.6,1063.2,747.0,264.6,0.0,4.4,5.3,0,0
156,Neto,Chelsea,MID,6.5,125,2629,5,7,11,33,2,1,0,9,543,523.0,836.2,505.0,186.7,0.0,3.7,1.2,0,0
157,Estêvão,Chelsea,MID,6.5,58,839,2,5,4,11,4,0,0,4,172,183.4,230.9,314.0,72.6,0.0,2.6,1.5,0,0
158,Gittens,Chelsea,MID,6.0,25,486,0,2,1,7,0,0,0,0,99,93.0,130.4,91.0,31.3,0.0,1.6,0.1,0,0
159,Caicedo,Chelsea,MID,5.5,110,2796,3,1,6,47,11,1,0,10,580,562.4,403.1,128.0,109.2,0.0,3.3,3.9,0,0
161,Lavia,Chelsea,MID,5.0,13,374,0,0,0,10,0,0,0,0,81,34.4,46.6,14.0,9.5,0.0,1.1,0.0,0,0
163,D.Essugo,Chelsea,MID,4.5,1,26,0,0,0,1,2,0,0,0,7,11.4,2.1,2.0,1.6,0.0,0.3,0.2,0,0
164,Quenda,Chelsea,MID,5.5,0,0,0,0,0,0,0,0,0,0,0,0.0,0.0,0.0,0.0,0.0,0.0,0.1,0,0
165,João Pedro,Chelsea,FWD,7.5,177,2658,15,9,10,36,5,0,0,30,715,758.4,456.6,909.0,212.1,0.0,5.1,54.2,0,0
166,N.Jackson,Chelsea,FWD,6.5,0,0,0,0,0,0,0,0,0,0,0,0.0,0.0,0.0,0.0,0.0,0.0,0.4,0,0
167,Delap,Chelsea,FWD,5.5,45,1092,1,2,2,18,4,0,0,1,123,67.8,73.7,349.0,47.3,0.0,1.6,0.5,0,0
168,Marc Guiu,Chelsea,FWD,5.0,13,265,0,1,0,3,1,0,0,0,19,24.6,40.1,86.0,13.1,0.0,1.3,0.5,0,0
169,Mheuka,Chelsea,FWD,4.5,1,1,0,0,0,0,0,0,0,0,3,2.0,0.3,0.0,0.2,0.0,1.0,0.4,0,0
170,Emegha,Chelsea,FWD,5.0,0,0,0,0,0,0,0,0,0,0,0,0.0,0.0,0.0,0.0,0.0,0.0,0.2,0,0
200,Lacroix,Chelsea,DEF,6.0,154,3085,1,2,11,47,4,1,0,11,529,822.0,106.4,316.0,124.3,0.0,4.4,12.0,0,0
560,Penders,Chelsea,GKP,4.5,0,0,0,0,0,0,0,0,0,0,0,0.0,0.0,0.0,0.0,0.0,0.0,0.0,0,0
561,Anselmino,Chelsea,DEF,4.5,0,0,0,0,0,0,0,0,0,0,0,0.0,0.0,0.0,0.0,0.0,0.0,0.0,0,0
104,Onyeka,Coventry City,MID,5.0,12,88,0,2,0,2,0,0,0,0,41,28.4,13.6,4.0,4.6,0.0,2.0,0.2,0,0
171,Dovin,Coventry City,GKP,4.0,0,0,0,0,0,0,0,0,0,0,0,0.0,0.0,0.0,0.0,0.0,0.0,3.2,0,0
172,Wilson,Coventry City,GKP,4.5,0,0,0,0,0,0,0,0,0,0,0,0.0,0.0,0.0,0.0,0.0,0.0,0.7,0,0
173,Thomas,Coventry City,DEF,4.0,0,0,0,0,0,0,0,0,0,0,0,0.0,0.0,0.0,0.0,0.0,0.0,8.1,0,0
174,Kitching,Coventry City,DEF,4.0,0,0,0,0,0,0,0,0,0,0,0,0.0,0.0,0.0,0.0,0.0,0.0,0.4,0,0
175,van Ewijk,Coventry City,DEF,4.0,0,0,0,0,0,0,0,0,0,0,0,0.0,0.0,0.0,0.0,0.0,0.0,16.9,0,0
176,Dasilva,Coventry City,DEF,4.0,0,0,0,0,0,0,0,0,0,0,0,0.0,0.0,0.0,0.0,0.0,0.0,0.4,0,0
177,Kesler-Hayden,Coventry City,DEF,4.0,0,0,0,0,0,0,0,0,0,0,0,0.0,0.0,0.0,0.0,0.0,0.0,0.1,0,0
178,Bidwell,Coventry City,DEF,4.0,0,0,0,0,0,0,0,0,0,0,0,0.0,0.0,0.0,0.0,0.0,0.0,0.1,0,0
179,Latibeaudiere,Coventry City,DEF,4.0,0,0,0,0,0,0,0,0,0,0,0,0.0,0.0,0.0,0.0,0.0,0.0,0.1,0,0
180,Woolfenden,Coventry City,DEF,4.0,0,0,0,0,0,0,0,0,0,0,0,0.0,0.0,0.0,0.0,0.0,0.0,0.3,0,0
181,Brau,Coventry City,DEF,4.0,0,0,0,0,0,0,0,0,0,0,0,0.0,0.0,0.0,0.0,0.0,0.0,0.1,0,0
182,Amenda,Coventry City,DEF,4.0,0,0,0,0,0,0,0,0,0,0,0,0.0,0.0,0.0,0.0,0.0,0.0,0.5,0,0
183,Rudoni,Coventry City,MID,5.0,0,0,0,0,0,0,0,0,0,0,0,0.0,0.0,0.0,0.0,0.0,0.0,0.4,0,0
184,Grimes,Coventry City,MID,5.0,0,0,0,0,0,0,0,0,0,0,0,0.0,0.0,0.0,0.0,0.0,0.0,0.2,0,0
185,Sakamoto,Coventry City,MID,5.0,0,0,0,0,0,0,0,0,0,0,0,0.0,0.0,0.0,0.0,0.0,0.0,0.1,0,0
186,Mason-Clark,Coventry City,MID,5.5,0,0,0,0,0,0,0,0,0,0,0,0.0,0.0,0.0,0.0,0.0,0.0,0.3,0,0
187,Eccles,Coventry City,MID,5.0,0,0,0,0,0,0,0,0,0,0,0,0.0,0.0,0.0,0.0,0.0,0.0,0.0,0,0
188,Torp,Coventry City,MID,5.5,0,0,0,0,0,0,0,0,0,0,0,0.0,0.0,0.0,0.0,0.0,0.0,0.2,0,0
189,Shepherd,Coventry City,MID,4.5,0,0,0,0,0,0,0,0,0,0,0,0.0,0.0,0.0,0.0,0.0,0.0,0.3,0,0
190,Tchaouna,Coventry City,MID,5.5,0,0,0,0,0,0,0,0,0,0,0,0.0,0.0,0.0,0.0,0.0,0.0,0.1,0,0
191,Borges Rodrigues,Coventry City,MID,4.5,0,0,0,0,0,0,0,0,0,0,0,0.0,0.0,0.0,0.0,0.0,0.0,0.2,0,0
192,Andrews,Coventry City,MID,4.5,0,0,0,0,0,0,0,0,0,0,0,0.0,0.0,0.0,0.0,0.0,0.0,0.7,0,0
193,Wright,Coventry City,FWD,5.5,0,0,0,0,0,0,0,0,0,0,0,0.0,0.0,0.0,0.0,0.0,0.0,1.8,0,0
194,Thomas-Asante,Coventry City,FWD,5.0,0,0,0,0,0,0,0,0,0,0,0,0.0,0.0,0.0,0.0,0.0,0.0,0.9,0,0
195,Simms,Coventry City,FWD,5.0,0,0,0,0,0,0,0,0,0,0,0,0.0,0.0,0.0,0.0,0.0,0.0,0.7,0,0
196,Markelo,Coventry City,FWD,5.0,0,0,0,0,0,0,0,0,0,0,0,0.0,0.0,0.0,0.0,0.0,0.0,0.1,0,0
197,Bassette,Coventry City,FWD,4.5,0,0,0,0,0,0,0,0,0,0,0,0.0,0.0,0.0,0.0,0.0,0.0,0.9,0,0
198,Henderson,Crystal Palace,GKP,5.0,131,3330,0,0,11,51,5,0,106,7,538,837.8,10.0,0.0,84.7,0.0,3.5,3.0,0,0
199,Benitez,Crystal Palace,GKP,4.5,7,90,0,0,1,0,0,0,3,0,29,22.8,0.0,0.0,2.3,0.0,7.0,0.1,0,0
201,Muñoz,Crystal Palace,DEF,5.5,136,2400,4,4,10,33,7,0,0,9,469,595.0,396.6,404.0,139.5,0.0,4.7,12.0,0,0
202,Richards,Crystal Palace,DEF,5.0,128,2825,1,0,11,42,4,0,0,5,453,727.2,159.6,185.0,107.6,0.0,3.9,0.8,0,0
203,Canvot,Crystal Palace,DEF,5.0,72,1331,0,0,5,23,3,0,0,9,216,362.4,63.8,56.0,48.1,0.0,3.6,0.5,0,0
204,Mitchell,Crystal Palace,DEF,4.5,135,3253,1,3,12,47,6,0,0,8,498,649.0,467.3,241.0,136.0,0.0,3.6,7.2,0,0
205,Sosa,Crystal Palace,DEF,4.5,6,99,0,0,0,2,1,0,0,0,9,12.6,24.1,8.0,4.5,0.0,0.9,0.0,0,0
206,Chadi Riad,Crystal Palace,DEF,4.5,20,550,0,1,1,8,2,0,0,0,84,117.8,23.9,41.0,18.3,0.0,2.2,0.1,0,0
207,Mingueza,Crystal Palace,DEF,4.5,0,0,0,0,0,0,0,0,0,0,0,0.0,0.0,0.0,0.0,0.0,0.0,0.1,0,0
208,Sarr,Crystal Palace,MID,6.5,117,2173,9,2,9,29,2,0,0,9,359,479.8,269.4,601.0,135.1,0.0,4.2,10.9,0,0
209,Johnson,Crystal Palace,MID,6.0,65,1710,2,1,6,24,6,0,0,2,217,223.4,311.1,230.0,75.8,0.0,1.9,0.2,0,0
210,Wharton,Crystal Palace,MID,5.5,112,2552,1,6,8,43,4,1,0,8,511,494.4,720.0,180.0,139.6,0.0,3.3,0.2,0,0
211,Yeremy,Crystal Palace,MID,5.5,77,2074,2,2,7,28,4,0,0,3,331,325.8,718.4,371.0,141.4,0.0,2.3,0.2,0,0
212,Hughes,Crystal Palace,MID,4.5,45,1560,0,1,5,18,7,0,0,0,217,198.0,322.9,90.0,60.9,0.0,1.5,10.7,0,0
213,Lerma,Crystal Palace,MID,5.0,69,1722,0,5,7,25,7,0,0,3,296,287.6,207.2,233.0,72.5,0.0,2.2,0.1,0,0
214,Kamada,Crystal Palace,MID,5.0,67,1899,0,2,6,28,3,0,0,0,331,239.2,350.1,155.0,74.5,0.0,2.4,0.3,0,0
215,Devenny,Crystal Palace,MID,5.0,36,785,1,0,1,15,0,0,0,0,108,115.0,101.8,168.0,38.4,0.0,1.7,0.0,0,0
216,Esse,Crystal Palace,MID,5.0,4,40,0,0,0,0,0,0,0,0,12,6.8,2.7,6.0,1.5,0.0,1.0,0.1,0,0
217,M.França,Crystal Palace,MID,5.0,0,0,0,0,0,0,0,0,0,0,0,0.0,0.0,0.0,0.0,0.0,0.0,0.1,0,0
218,Doucouré,Crystal Palace,MID,5.0,0,0,0,0,0,0,0,0,0,0,0,0.0,0.0,0.0,0.0,0.0,0.0,0.1,0,0
219,J.Rak-Sakyi,Crystal Palace,MID,5.0,0,0,0,0,0,0,0,0,0,0,0,0.0,0.0,0.0,0.0,0.0,0.0,0.0,0,0
220,Cardines,Crystal Palace,DEF,4.5,2,90,0,0,0,2,0,0,0,0,21,15.2,30.0,4.0,4.9,0.0,2.0,0.0,0,0
221,Drakes-Thomas,Crystal Palace,MID,4.5,2,7,0,0,0,1,0,0,0,0,6,1.4,1.0,0.0,0.3,0.0,1.0,0.1,0,0
222,Strand Larsen,Crystal Palace,FWD,6.0,75,2301,4,1,5,41,4,0,0,3,215,265.2,203.1,469.0,91.5,0.0,2.1,0.6,0,0
223,Mateta,Crystal Palace,FWD,6.5,114,2210,12,0,8,29,2,0,0,13,397,567.2,160.6,786.0,150.8,0.0,3.6,7.2,0,0
224,Nketiah,Crystal Palace,FWD,5.5,23,414,2,0,0,12,2,0,0,3,100,120.0,84.6,173.0,37.8,0.0,1.9,0.4,0,0
225,Uche,Crystal Palace,FWD,5.0,17,159,0,1,0,4,0,0,0,0,42,13.2,7.1,73.0,8.8,0.0,1.2,0.0,0,0
555,Matthews,Crystal Palace,GKP,4.0,0,0,0,0,0,0,0,0,0,0,0,0.0,0.0,0.0,0.0,0.0,0.0,1.7,0,0
226,Pickford,Everton,GKP,5.5,135,3420,0,0,11,50,4,0,100,11,545,885.2,20.3,2.0,90.8,0.0,3.6,9.0,0,0
227,Travers,Everton,GKP,5.0,0,0,0,0,0,0,0,0,0,0,0,0.0,0.0,0.0,0.0,0.0,0.0,0.1,0,0
228,King,Everton,GKP,4.5,0,0,0,0,0,0,0,0,0,0,0,0.0,0.0,0.0,0.0,0.0,0.0,0.1,0,0
229,Tarkowski,Everton,DEF,6.0,170,3330,2,3,11,48,8,0,0,12,592,995.6,235.6,422.0,165.7,0.0,4.6,9.8,0,0
230,Branthwaite,Everton,DEF,5.5,32,678,1,1,1,9,1,0,0,0,108,175.0,42.8,75.0,29.3,0.0,3.2,2.0,0,0
231,Keane,Everton,DEF,5.0,131,2588,3,1,7,42,1,1,0,8,404,770.4,47.4,299.0,111.7,0.0,4.0,1.5,0,0
232,O'Brien,Everton,DEF,5.0,116,3118,1,3,10,46,6,1,0,2,368,582.8,282.9,206.0,107.5,0.0,3.1,0.5,0,0
233,Mykolenko,Everton,DEF,4.5,95,2959,0,1,9,47,6,0,0,2,350,559.2,394.1,71.0,102.3,0.0,2.9,1.4,0,0
234,Patterson,Everton,DEF,4.5,22,238,0,0,2,2,0,0,0,0,67,65.6,6.4,17.0,8.8,0.0,3.1,0.1,0,0
235,Aznou,Everton,DEF,4.0,0,0,0,0,0,0,0,0,0,0,0,0.0,0.0,0.0,0.0,0.0,0.0,0.2,0,0
236,Dewsbury-Hall,Everton,MID,6.5,151,2629,8,7,8,39,6,0,0,18,598,619.4,601.1,438.0,166.0,0.0,4.9,4.1,0,0
237,Ndiaye,Everton,MID,6.0,128,2781,6,3,8,44,2,0,0,7,540,605.8,479.2,578.0,166.5,0.0,4.0,18.5,0,0
239,Garner,Everton,MID,6.0,159,3413,2,7,11,50,12,0,0,13,818,887.0,958.0,237.0,208.4,0.0,4.2,1.1,0,0
240,Iroegbunam,Everton,MID,5.0,68,1477,0,3,8,18,9,0,0,1,225,255.0,125.2,81.0,45.9,0.0,2.3,0.1,0,0
241,McNeil,Everton,MID,5.5,53,1161,0,3,6,9,1,0,0,1,186,140.6,242.4,138.0,52.2,0.0,2.4,0.1,0,0
242,George,Everton,MID,5.5,16,351,0,0,1,9,2,0,0,0,55,44.2,66.2,132.0,23.9,0.0,1.1,0.1,0,0
243,Alcaraz,Everton,MID,5.0,29,679,0,1,3,10,4,0,0,0,121,93.8,161.9,162.0,41.8,0.0,1.4,0.1,0,0
244,Armstrong,Everton,MID,5.0,21,524,0,0,1,11,0,0,0,0,84,60.0,69.7,78.0,21.0,0.0,1.6,0.1,0,0
245,Dibling,Everton,MID,5.5,18,349,0,0,2,2,2,0,0,0,49,46.0,61.0,32.0,13.6,0.0,1.3,0.1,0,0
246,Röhl,Everton,MID,5.0,36,675,1,1,2,13,0,0,0,2,98,113.0,87.4,62.0,26.3,0.0,2.2,0.1,0,0
247,Hackney,Everton,MID,5.5,0,0,0,0,0,0,0,0,0,0,0,0.0,0.0,0.0,0.0,0.0,0.0,0.3,0,0
248,Beto,Everton,FWD,5.5,104,1551,9,1,5,19,3,0,0,15,343,445.8,159.8,655.0,124.5,0.0,2.8,3.3,0,0
249,Barry,Everton,FWD,5.5,95,1898,8,0,7,34,3,0,0,9,295,341.0,207.7,501.0,102.5,0.0,2.5,0.9,0,0
250,Leno,Fulham,GKP,4.5,122,3420,0,0,9,51,3,0,98,8,556,816.2,0.0,0.0,81.5,0.0,3.2,3.2,0,0
251,Lecomte,Fulham,GKP,4.0,0,0,0,0,0,0,0,0,0,0,0,0.0,0.0,0.0,0.0,0.0,0.0,1.5,0,0
252,McNally,Fulham,GKP,4.0,0,0,0,0,0,0,0,0,0,0,0,0.0,0.0,0.0,0.0,0.0,0.0,0.2,0,0
253,Andersen,Fulham,DEF,5.0,123,2882,0,1,8,45,7,1,0,8,424,790.6,131.0,148.0,107.0,0.0,3.7,0.1,0,0
254,Robinson,Fulham,DEF,4.5,65,1487,1,0,4,19,5,0,0,7,280,375.0,334.6,82.0,79.3,0.0,3.0,3.2,0,0
255,J.Cuenca,Fulham,DEF,4.5,39,935,0,0,2,11,6,0,0,1,155,249.6,47.2,14.0,31.2,0.0,2.6,0.0,0,0
256,Tete,Fulham,DEF,4.5,81,1791,1,0,6,25,2,0,0,5,318,416.0,214.1,108.0,73.9,0.0,3.7,0.2,0,0
257,Bassey,Fulham,DEF,4.5,103,2532,1,1,7,40,5,0,0,9,392,574.0,152.2,115.0,84.5,0.0,3.4,0.5,0,0
258,Castagne,Fulham,DEF,4.5,61,1838,0,2,3,31,4,0,0,3,294,373.0,292.2,195.0,86.2,0.0,2.0,0.2,0,0
261,Iwobi,Fulham,MID,5.5,103,2420,4,3,5,40,3,0,0,13,508,511.2,739.4,343.0,159.4,0.0,3.6,0.9,0,0
262,Smith Rowe,Fulham,MID,5.5,80,1909,3,1,6,27,1,0,0,1,351,291.6,330.0,404.0,102.6,0.0,2.2,0.4,0,0
263,Kevin,Fulham,MID,5.5,49,1030,1,3,4,15,1,0,0,0,183,216.0,246.6,243.0,70.4,0.0,1.9,0.1,0,0
264,Bobb,Fulham,MID,5.5,42,1030,0,2,4,13,1,0,0,0,182,140.4,315.4,205.0,66.4,0.0,1.8,0.5,0,0
265,Berge,Fulham,MID,5.0,91,2904,0,3,8,45,5,0,0,3,503,437.8,365.1,105.0,91.0,0.0,2.6,0.4,0,0
266,Cairney,Fulham,MID,5.0,41,756,2,0,2,10,3,0,0,1,181,153.4,195.6,64.0,41.4,0.0,1.7,0.0,0,0
267,Lukić,Fulham,MID,5.0,67,1730,1,4,6,22,9,0,0,4,314,317.6,441.6,176.0,93.4,0.0,2.6,0.1,0,0
268,King,Fulham,MID,5.5,63,1290,1,3,5,18,4,0,0,3,225,207.4,198.7,336.0,73.3,0.0,2.0,0.1,0,0
269,Sessegnon,Fulham,DEF,4.5,95,1816,3,3,6,29,0,0,0,8,332,413.8,225.0,229.0,86.7,0.0,3.5,0.4,0,0
270,Reed,Fulham,MID,4.5,15,89,1,0,0,4,0,0,0,2,48,42.0,44.4,11.0,9.7,0.0,2.1,1.1,0,0
271,Muniz,Fulham,FWD,5.5,36,987,1,1,3,13,2,0,0,3,94,113.2,93.2,287.0,47.3,0.0,1.7,0.7,0,0
272,Kusi-Asare,Fulham,FWD,4.5,6,49,0,0,0,2,1,0,0,0,19,3.2,12.0,8.0,2.3,0.0,0.9,8.6,0,0
273,Phillips,Hull City,GKP,4.0,0,0,0,0,0,0,0,0,0,0,0,0.0,0.0,0.0,0.0,0.0,0.0,2.3,0,0
274,Butland,Hull City,GKP,4.5,0,0,0,0,0,0,0,0,0,0,0,0.0,0.0,0.0,0.0,0.0,0.0,1.0,0,0
275,Cartwright,Hull City,GKP,4.0,0,0,0,0,0,0,0,0,0,0,0,0.0,0.0,0.0,0.0,0.0,0.0,0.2,0,0
276,Lo-Tutala,Hull City,GKP,4.0,0,0,0,0,0,0,0,0,0,0,0,0.0,0.0,0.0,0.0,0.0,0.0,0.2,0,0
277,Egan,Hull City,DEF,4.0,0,0,0,0,0,0,0,0,0,0,0,0.0,0.0,0.0,0.0,0.0,0.0,0.8,0,0
278,Hughes,Hull City,DEF,4.0,0,0,0,0,0,0,0,0,0,0,0,0.0,0.0,0.0,0.0,0.0,0.0,2.2,0,0
279,Ajayi,Hull City,DEF,4.0,0,0,0,0,0,0,0,0,0,0,0,0.0,0.0,0.0,0.0,0.0,0.0,0.6,0,0
280,Coyle,Hull City,DEF,4.0,0,0,0,0,0,0,0,0,0,0,0,0.0,0.0,0.0,0.0,0.0,0.0,0.3,0,0
281,Drameh,Hull City,DEF,4.0,0,0,0,0,0,0,0,0,0,0,0,0.0,0.0,0.0,0.0,0.0,0.0,0.1,0,0
282,Giles,Hull City,DEF,4.0,0,0,0,0,0,0,0,0,0,0,0,0.0,0.0,0.0,0.0,0.0,0.0,0.6,0,0
283,Jacob,Hull City,DEF,4.0,0,0,0,0,0,0,0,0,0,0,0,0.0,0.0,0.0,0.0,0.0,0.0,0.1,0,0
284,McCarthy,Hull City,DEF,4.0,0,0,0,0,0,0,0,0,0,0,0,0.0,0.0,0.0,0.0,0.0,0.0,0.1,0,0
285,McNair,Hull City,DEF,4.0,0,0,0,0,0,0,0,0,0,0,0,0.0,0.0,0.0,0.0,0.0,0.0,0.1,0,0
286,Belloumi,Hull City,MID,5.0,0,0,0,0,0,0,0,0,0,0,0,0.0,0.0,0.0,0.0,0.0,0.0,0.6,0,0
287,Millar,Hull City,MID,5.0,0,0,0,0,0,0,0,0,0,0,0,0.0,0.0,0.0,0.0,0.0,0.0,0.1,0,0
288,Dowell,Hull City,MID,4.5,0,0,0,0,0,0,0,0,0,0,0,0.0,0.0,0.0,0.0,0.0,0.0,0.6,0,0
289,Crooks,Hull City,MID,4.5,0,0,0,0,0,0,0,0,0,0,0,0.0,0.0,0.0,0.0,0.0,0.0,0.7,0,0
290,Slater,Hull City,MID,4.5,0,0,0,0,0,0,0,0,0,0,0,0.0,0.0,0.0,0.0,0.0,0.0,1.7,0,0
291,Matazo,Hull City,MID,4.5,0,0,0,0,0,0,0,0,0,0,0,0.0,0.0,0.0,0.0,0.0,0.0,0.0,0,0
292,Ömür,Hull City,MID,5.0,0,0,0,0,0,0,0,0,0,0,0,0.0,0.0,0.0,0.0,0.0,0.0,0.0,0,0
293,Kamara,Hull City,MID,5.0,0,0,0,0,0,0,0,0,0,0,0,0.0,0.0,0.0,0.0,0.0,0.0,0.1,0,0
294,Zambrano,Hull City,MID,4.5,0,0,0,0,0,0,0,0,0,0,0,0.0,0.0,0.0,0.0,0.0,0.0,0.6,0,0
295,McBurnie,Hull City,FWD,5.5,0,0,0,0,0,0,0,0,0,0,0,0.0,0.0,0.0,0.0,0.0,0.0,2.0,0,0
296,Akintola,Hull City,MID,5.0,0,0,0,0,0,0,0,0,0,0,0,0.0,0.0,0.0,0.0,0.0,0.0,0.1,0,0
297,Gyabi,Hull City,MID,4.5,0,0,0,0,0,0,0,0,0,0,0,0.0,0.0,0.0,0.0,0.0,0.0,0.2,0,0
298,Destan,Hull City,FWD,4.5,0,0,0,0,0,0,0,0,0,0,0,0.0,0.0,0.0,0.0,0.0,0.0,2.7,0,0
299,Burstow,Hull City,FWD,4.5,0,0,0,0,0,0,0,0,0,0,0,0.0,0.0,0.0,0.0,0.0,0.0,1.1,0,0
556,Targett,Hull City,DEF,4.0,0,0,0,0,0,0,0,0,0,0,0,0.0,0.0,0.0,0.0,0.0,0.0,2.2,0,0
563,Morita,Hull City,MID,5.0,0,0,0,0,0,0,0,0,0,0,0,0.0,0.0,0.0,0.0,0.0,0.0,0.0,0,0
259,Diop,Ipswich Town,DEF,4.0,31,812,1,0,1,13,2,0,0,3,103,190.8,8.0,31.0,23.0,0.0,2.4,20.3,0,0
300,Walton,Ipswich Town,GKP,4.5,0,0,0,0,0,0,0,0,0,0,0,0.0,0.0,0.0,0.0,0.0,0.0,0.6,0,0
301,Palmer,Ipswich Town,GKP,4.0,0,0,0,0,0,0,0,0,0,0,0,0.0,0.0,0.0,0.0,0.0,0.0,6.1,0,0
302,Button,Ipswich Town,GKP,4.0,0,0,0,0,0,0,0,0,0,0,0,0.0,0.0,0.0,0.0,0.0,0.0,0.6,0,0
303,Kipré,Ipswich Town,DEF,4.0,0,0,0,0,0,0,0,0,0,0,0,0.0,0.0,0.0,0.0,0.0,0.0,0.3,0,0
304,O'Shea,Ipswich Town,DEF,4.0,0,0,0,0,0,0,0,0,0,0,0,0.0,0.0,0.0,0.0,0.0,0.0,1.2,0,0
305,Davis,Ipswich Town,DEF,4.0,0,0,0,0,0,0,0,0,0,0,0,0.0,0.0,0.0,0.0,0.0,0.0,3.8,0,0
306,Greaves,Ipswich Town,DEF,4.0,0,0,0,0,0,0,0,0,0,0,0,0.0,0.0,0.0,0.0,0.0,0.0,0.5,0,0
307,Johnson,Ipswich Town,DEF,4.0,0,0,0,0,0,0,0,0,0,0,0,0.0,0.0,0.0,0.0,0.0,0.0,0.1,0,0
308,Furlong,Ipswich Town,DEF,4.0,0,0,0,0,0,0,0,0,0,0,0,0.0,0.0,0.0,0.0,0.0,0.0,0.3,0,0
309,Núñez,Ipswich Town,MID,5.0,0,0,0,0,0,0,0,0,0,0,0,0.0,0.0,0.0,0.0,0.0,0.0,0.2,0,0
310,Matusiwa,Ipswich Town,MID,5.0,0,0,0,0,0,0,0,0,0,0,0,0.0,0.0,0.0,0.0,0.0,0.0,0.1,0,0
311,Burns,Ipswich Town,MID,5.0,0,0,0,0,0,0,0,0,0,0,0,0.0,0.0,0.0,0.0,0.0,0.0,0.1,0,0
312,Taylor,Ipswich Town,MID,4.5,0,0,0,0,0,0,0,0,0,0,0,0.0,0.0,0.0,0.0,0.0,0.0,0.4,0,0
313,Clarke,Ipswich Town,MID,5.5,0,0,0,0,0,0,0,0,0,0,0,0.0,0.0,0.0,0.0,0.0,0.0,0.3,0,0
314,Ogbene,Ipswich Town,MID,5.0,0,0,0,0,0,0,0,0,0,0,0,0.0,0.0,0.0,0.0,0.0,0.0,0.0,0,0
315,Fatawu,Ipswich Town,MID,5.5,0,0,0,0,0,0,0,0,0,0,0,0.0,0.0,0.0,0.0,0.0,0.0,0.3,0,0
316,Emersonn,Ipswich Town,FWD,5.5,0,0,0,0,0,0,0,0,0,0,0,0.0,0.0,0.0,0.0,0.0,0.0,0.3,0,0
317,Hirst,Ipswich Town,FWD,5.0,0,0,0,0,0,0,0,0,0,0,0,0.0,0.0,0.0,0.0,0.0,0.0,0.5,0,0
318,Philogene,Ipswich Town,MID,5.5,0,0,0,0,0,0,0,0,0,0,0,0.0,0.0,0.0,0.0,0.0,0.0,0.2,0,0
319,Szmodics,Ipswich Town,MID,5.0,0,0,0,0,0,0,0,0,0,0,0,0.0,0.0,0.0,0.0,0.0,0.0,0.1,0,0
320,Akpom,Ipswich Town,FWD,5.0,0,0,0,0,0,0,0,0,0,0,0,0.0,0.0,0.0,0.0,0.0,0.0,0.5,0,0
321,Walle Egeli,Ipswich Town,FWD,4.5,0,0,0,0,0,0,0,0,0,0,0,0.0,0.0,0.0,0.0,0.0,0.0,2.5,0,0
322,Al-Hamadi,Ipswich Town,FWD,5.0,0,0,0,0,0,0,0,0,0,0,0,0.0,0.0,0.0,0.0,0.0,0.0,0.2,0,0
323,McAteer,Ipswich Town,MID,4.5,0,0,0,0,0,0,0,0,0,0,0,0.0,0.0,0.0,0.0,0.0,0.0,1.9,0,0
324,Mehmeti,Ipswich Town,MID,5.0,0,0,0,0,0,0,0,0,0,0,0,0.0,0.0,0.0,0.0,0.0,0.0,0.1,0,0
554,Van Oevelen,Ipswich Town,GKP,4.5,0,0,0,0,0,0,0,0,0,0,0,0.0,0.0,0.0,0.0,0.0,0.0,0.1,0,0
562,Maeda,Ipswich Town,MID,5.5,0,0,0,0,0,0,0,0,0,0,0,0.0,0.0,0.0,0.0,0.0,0.0,0.4,0,0
564,Scherpen,Ipswich Town,GKP,4.5,0,0,0,0,0,0,0,0,0,0,0,0.0,0.0,0.0,0.0,0.0,0.0,0.1,0,0
260,Wilson,Leeds,MID,6.5,168,2674,10,9,9,38,7,0,0,21,637,707.2,661.1,601.0,196.9,0.0,4.7,8.9,0,0
326,Perri,Leeds,GKP,4.5,43,1440,0,0,3,29,2,0,38,3,153,322.4,0.0,0.0,32.2,0.0,2.7,0.7,0,0
327,Bijol,Leeds,DEF,5.0,99,1888,1,3,5,26,4,0,0,6,323,531.8,84.5,243.0,86.0,0.0,4.0,0.3,0,0
329,Rodon,Leeds,DEF,4.5,109,2952,2,0,6,53,3,0,0,5,373,707.2,137.3,242.0,109.1,0.0,3.1,2.0,0,0
330,Bogle,Leeds,DEF,4.5,96,2795,1,5,6,44,6,0,0,1,311,436.0,346.1,218.0,100.3,0.0,2.8,0.4,0,0
331,Gudmundsson,Leeds,DEF,4.5,68,2637,0,0,5,45,4,1,0,8,286,442.6,363.7,158.0,96.4,0.0,2.1,0.5,0,0
332,Justin,Leeds,DEF,4.5,94,1893,2,1,6,26,4,0,0,9,338,469.8,190.9,220.0,88.3,0.0,3.2,0.5,0,0
333,Bornauw,Leeds,DEF,4.5,25,429,0,0,2,5,1,0,0,0,73,98.6,6.3,19.0,12.2,0.0,2.1,0.0,0,0
334,Muharemović,Leeds,DEF,5.0,0,0,0,0,0,0,0,0,0,0,0,0.0,0.0,0.0,0.0,0.0,0.0,0.8,0,0
335,Stach,Leeds,MID,6.0,137,2369,5,6,7,36,3,0,0,14,550,650.0,921.4,315.0,188.8,0.0,4.7,1.4,0,0
336,Okafor,Leeds,MID,6.0,109,1553,8,3,6,26,3,0,0,11,354,438.8,275.0,435.0,115.0,0.0,3.9,0.8,0,0
337,Aaronson,Leeds,MID,5.5,126,2449,4,8,9,32,3,0,0,5,446,482.8,486.7,498.0,146.7,0.0,3.4,0.6,0,0
338,Ampadu,Leeds,MID,5.5,134,3119,1,4,8,49,10,0,0,11,586,592.2,384.8,166.0,114.7,0.0,3.8,1.4,0,0
339,Longstaff,Leeds,MID,5.0,56,1003,2,2,1,20,2,0,0,5,273,291.8,403.7,116.0,81.2,0.0,2.4,0.2,0,0
340,Gelhardt,Leeds,MID,5.0,0,0,0,0,0,0,0,0,0,0,0,0.0,0.0,0.0,0.0,0.0,0.0,0.1,0,0
341,Gnonto,Leeds,MID,5.0,32,521,0,3,1,14,3,0,0,0,134,85.2,129.3,61.0,27.5,0.0,1.4,0.1,0,0
342,Harrison,Leeds,MID,5.0,12,262,0,0,0,5,0,0,0,0,51,30.0,49.4,35.0,11.5,0.0,1.1,0.0,0,0
343,James,Leeds,MID,5.0,23,547,0,0,1,16,0,0,0,0,93,70.8,133.1,133.0,33.9,0.0,1.2,0.1,0,0
344,Gruev,Leeds,MID,5.0,56,1318,0,4,5,23,3,0,0,3,245,199.4,171.0,64.0,43.2,0.0,2.4,0.0,0,0
345,Tanaka,Leeds,MID,5.0,67,1307,2,1,3,22,1,0,0,4,288,224.2,307.6,104.0,63.6,0.0,2.4,0.3,0,0
346,Calvert-Lewin,Leeds,FWD,6.0,142,2721,14,2,8,34,3,0,0,20,472,619.6,311.1,1026.0,194.7,0.0,4.1,17.9,0,0
347,Nmecha,Leeds,FWD,5.5,73,1065,6,1,3,23,0,0,0,8,268,290.4,153.5,434.0,87.8,0.0,2.4,0.6,0,0
348,Piroe,Leeds,FWD,5.0,17,244,0,0,1,9,0,0,0,0,42,13.6,38.1,120.0,16.5,0.0,1.1,0.5,0,0
349,Mateo Joseph,Leeds,FWD,4.5,0,0,0,0,0,0,0,0,0,0,0,0.0,0.0,0.0,0.0,0.0,0.0,0.5,0,0
350,A.Becker,Liverpool,GKP,5.5,91,2340,0,0,8,31,1,0,57,8,389,479.8,0.1,0.0,47.8,0.0,3.5,4.1,0,0
351,Mamardashvili,Liverpool,GKP,5.0,34,867,0,0,2,18,0,0,34,2,139,275.6,0.0,0.0,27.5,0.0,3.4,0.2,0,0
352,Woodman,Liverpool,GKP,4.0,6,212,0,0,0,4,0,0,9,0,34,83.8,0.0,0.0,8.4,0.0,2.0,1.3,0,0
353,Pecsi,Liverpool,GKP,4.0,0,0,0,0,0,0,0,0,0,0,0,0.0,0.0,0.0,0.0,0.0,0.0,0.1,0,0
354,Jaros,Liverpool,GKP,4.0,0,0,0,0,0,0,0,0,0,0,0,0.0,0.0,0.0,0.0,0.0,0.0,0.1,0,0
355,Davies,Liverpool,GKP,4.0,0,0,0,0,0,0,0,0,0,0,0,0.0,0.0,0.0,0.0,0.0,0.0,0.1,0,0
356,Virgil,Liverpool,DEF,6.5,175,3420,6,1,10,53,4,0,0,10,593,1169.4,215.9,490.0,187.6,0.0,4.6,16.1,0,0
357,Frimpong,Liverpool,DEF,5.5,63,1032,0,5,5,13,1,0,0,1,237,133.2,244.6,186.0,56.5,0.0,3.0,3.0,0,0
358,Kerkez,Liverpool,DEF,5.5,85,2251,2,1,6,37,4,0,0,4,357,434.6,415.8,141.0,99.4,0.0,2.5,6.1,0,0
359,Gomez,Liverpool,DEF,5.0,33,594,0,2,2,14,4,0,0,2,94,122.8,77.8,31.0,23.2,0.0,1.6,0.1,0,0
360,Bradley,Liverpool,DEF,5.0,42,928,0,2,4,13,5,0,0,2,157,157.4,105.2,62.0,32.3,0.0,2.8,0.0,0,0
361,Lucky,Liverpool,DEF,4.0,0,0,0,0,0,0,0,0,0,0,0,0.0,0.0,0.0,0.0,0.0,0.0,0.1,0,0
362,Jacquet,Liverpool,DEF,5.0,0,0,0,0,0,0,0,0,0,0,0,0.0,0.0,0.0,0.0,0.0,0.0,2.4,0,0
363,Leoni,Liverpool,DEF,4.0,0,0,0,0,0,0,0,0,0,0,0,0.0,0.0,0.0,0.0,0.0,0.0,0.1,0,0
364,Tsimikas,Liverpool,DEF,5.0,0,0,0,0,0,0,0,0,0,0,0,0.0,0.0,0.0,0.0,0.0,0.0,0.1,0,0
365,Ramsay,Liverpool,DEF,4.0,0,0,0,0,0,0,0,0,0,0,0,0.0,0.0,0.0,0.0,0.0,0.0,0.2,0,0
366,Wirtz,Liverpool,MID,7.5,125,2374,5,4,10,32,1,0,0,17,521,526.4,908.2,665.0,210.0,0.0,3.8,10.8,0,0
367,Gakpo,Liverpool,MID,7.0,131,2736,7,5,10,39,3,0,0,5,449,540.4,714.7,831.0,208.4,0.0,3.6,3.4,0,0
368,Szoboszlai,Liverpool,MID,7.0,160,3232,6,7,9,52,8,1,0,21,780,867.8,1324.6,417.0,260.9,0.0,4.4,48.2,0,0
369,Ngumoha,Liverpool,MID,6.0,43,547,2,1,2,12,0,0,0,4,188,176.0,222.8,203.0,60.1,0.0,2.3,1.7,0,0
370,Chiesa,Liverpool,MID,5.5,37,317,2,1,0,9,3,0,0,0,135,122.0,47.5,182.0,34.9,0.0,1.4,0.2,0,0
371,Gravenberch,Liverpool,MID,6.0,144,2991,5,5,9,42,5,0,0,17,671,687.0,497.2,220.0,140.1,0.0,4.0,1.9,0,0
372,Mac Allister,Liverpool,MID,5.5,108,2654,2,5,7,41,7,0,0,9,490,475.4,562.2,365.0,139.9,0.0,2.9,1.9,0,0
373,C.Jones,Liverpool,MID,5.5,81,1923,1,3,3,37,2,0,0,6,447,407.4,412.1,227.0,104.6,0.0,2.4,0.1,0,0
374,Endo,Liverpool,MID,5.0,12,170,0,1,1,5,1,0,0,0,49,56.0,18.1,6.0,8.0,0.0,1.5,0.0,0,0
375,Nyoni,Liverpool,MID,5.0,6,21,0,0,0,1,0,0,0,0,11,4.2,13.4,4.0,2.1,0.0,1.0,0.0,0,0
376,Bajcetic,Liverpool,MID,5.0,0,0,0,0,0,0,0,0,0,0,0,0.0,0.0,0.0,0.0,0.0,0.0,0.0,0,0
377,Munoz,Liverpool,MID,6.5,0,0,0,0,0,0,0,0,0,0,0,0.0,0.0,0.0,0.0,0.0,0.0,0.8,0,0
378,McConnell,Liverpool,MID,4.5,0,0,0,0,0,0,0,0,0,0,0,0.0,0.0,0.0,0.0,0.0,0.0,0.2,0,0
379,Isak,Liverpool,FWD,9.0,41,694,3,1,1,9,0,0,0,4,140,146.4,39.2,191.0,36.9,0.0,2.9,11.5,0,0
380,Ekitiké,Liverpool,FWD,7.5,125,1797,11,4,7,25,0,0,0,22,433,525.8,307.2,739.0,156.2,0.0,4.5,0.2,0,0
381,Koumas,Liverpool,MID,5.0,0,0,0,0,0,0,0,0,0,0,0,0.0,0.0,0.0,0.0,0.0,0.0,0.0,0,0
382,Danns,Liverpool,FWD,4.5,0,0,0,0,0,0,0,0,0,0,0,0.0,0.0,0.0,0.0,0.0,0.0,0.1,0,0
383,Elliott,Liverpool,MID,5.5,5,110,0,0,0,2,0,0,0,0,17,11.8,31.7,31.0,7.4,0.0,1.0,0.1,0,0
238,Grealish,Man City,MID,6.5,79,1627,2,6,7,23,3,1,0,12,356,374.2,520.5,397.0,129.2,0.0,4.0,0.3,0,0
384,Donnarumma,Man City,GKP,5.5,135,3060,0,0,15,29,8,0,78,5,567,666.6,10.3,2.0,68.0,0.0,4.0,11.1,0,0
385,Trafford,Man City,GKP,5.0,13,360,0,0,1,6,0,0,14,0,67,118.0,0.0,0.0,11.9,0.0,3.2,1.5,0,0
386,Bettinelli,Man City,GKP,4.5,0,0,0,0,0,0,0,0,0,0,0,0.0,0.0,0.0,0.0,0.0,0.0,0.0,0,0
387,O'Reilly,Man City,DEF,6.5,160,2643,5,4,14,25,5,0,0,10,567,653.8,413.9,573.0,164.1,0.0,4.7,23.4,0,0
388,Guéhi,Man City,DEF,6.0,179,3150,3,5,14,35,6,0,0,14,688,901.6,304.6,402.0,160.9,0.0,5.1,24.3,0,0
389,Matheus N.,Man City,DEF,6.0,154,2861,1,8,12,28,5,0,0,16,676,696.0,545.0,131.0,137.6,0.0,4.5,5.3,0,0
390,Rúben,Man City,DEF,5.5,113,2139,2,0,12,22,3,0,0,4,453,560.8,152.2,96.0,81.0,0.0,4.3,1.4,0,0
391,Gvardiol,Man City,DEF,5.5,79,1370,2,2,6,13,2,0,0,5,303,369.0,109.5,218.0,69.8,0.0,4.4,8.9,0,0
392,Aït-Nouri,Man City,DEF,5.5,60,971,0,2,5,8,2,0,0,9,237,195.6,216.4,90.0,50.2,0.0,3.5,0.9,0,0
393,Khusanov,Man City,DEF,5.5,67,1427,0,0,6,13,2,0,0,3,293,299.0,112.2,26.0,43.9,0.0,3.2,2.0,0,0
394,Alleyne,Man City,DEF,5.0,5,135,0,0,0,1,0,0,0,0,27,34.0,14.8,26.0,7.5,0.0,2.5,0.0,0,0
395,Lewis,Man City,DEF,4.5,19,401,0,1,1,7,2,0,0,2,72,70.8,112.5,55.0,23.8,0.0,1.7,0.2,0,0
396,Vitor Reis,Man City,DEF,4.5,0,0,0,0,0,0,0,0,0,0,0,0.0,0.0,0.0,0.0,0.0,0.0,0.0,0,0
397,Semenyo,Man City,MID,8.5,202,3200,17,6,12,52,7,0,0,18,678,923.2,607.4,1047.0,257.7,0.0,5.5,20.9,0,0
398,Foden,Man City,MID,7.0,131,2078,7,5,11,19,4,0,0,13,563,583.2,918.8,520.0,201.9,0.0,4.0,7.3,0,0
399,Cherki,Man City,MID,7.5,135,1772,4,13,8,18,1,0,0,16,580,604.2,996.6,579.0,218.1,0.0,4.1,9.6,0,0
400,Doku,Man City,MID,7.5,120,1773,5,8,8,18,0,0,0,15,526,540.2,841.6,645.0,202.5,0.0,4.0,6.4,0,0
401,Marmoush,Man City,FWD,7.0,56,691,3,3,4,5,3,0,0,5,182,203.2,159.8,284.0,64.4,0.0,2.7,0.6,0,0
402,Rodrigo,Man City,MID,6.5,69,1510,1,1,5,15,3,0,0,6,350,358.0,421.5,122.0,90.3,0.0,3.3,0.1,0,0
403,Savinho,Man City,MID,6.5,43,817,1,2,3,7,2,0,0,1,140,138.6,198.4,321.0,65.8,0.0,1.8,0.1,0,0
404,Reijnders,Man City,MID,6.0,92,1623,5,3,7,18,2,0,0,6,337,340.0,347.8,435.0,111.2,0.0,3.3,0.4,0,0
405,N.Gonzalez,Man City,MID,5.5,63,1561,1,0,7,18,6,0,0,1,337,309.8,234.1,72.0,61.5,0.0,2.5,0.1,0,0
406,Kovačić,Man City,MID,5.5,9,125,0,1,0,3,0,0,0,0,41,46.0,65.5,3.0,11.5,0.0,1.5,0.0,0,0
407,Echeverri,Man City,MID,5.0,0,0,0,0,0,0,0,0,0,0,0,0.0,0.0,0.0,0.0,0.0,0.0,0.0,0,0
408,Phillips,Man City,MID,5.0,0,0,0,0,0,0,0,0,0,0,0,0.0,0.0,0.0,0.0,0.0,0.0,0.0,0,0
409,Mukasa,Man City,MID,4.5,2,25,0,0,0,0,0,0,0,0,5,4.2,28.3,4.0,3.7,0.0,1.0,0.1,0,0
410,Monga,Man City,MID,5.0,0,0,0,0,0,0,0,0,0,0,0,0.0,0.0,0.0,0.0,0.0,0.0,0.0,0,0
411,Haaland,Man City,FWD,15.5,239,2953,27,8,13,32,2,0,0,43,952,1180.4,320.1,1520.0,302.3,0.0,6.8,75.2,0,0
481,Anderson,Man City,MID,6.5,180,3332,4,5,10,50,8,0,0,16,795,915.2,961.5,310.0,219.0,0.0,4.7,12.1,0,0
43,Tielemans,Man Utd,MID,6.0,68,1857,0,4,4,27,0,0,0,3,417,432.0,513.6,184.0,113.1,0.0,2.7,0.9,0,0
162,Andrey Santos,Man Utd,MID,5.0,47,1247,1,0,1,18,4,0,0,3,257,229.6,153.9,91.0,47.5,0.0,1.7,1.5,0,0
325,Darlow,Man Utd,GKP,4.5,71,1980,0,0,5,27,1,0,63,3,334,531.4,0.0,0.0,53.4,0.0,3.2,0.1,0,0
412,Lammens,Man Utd,GKP,5.0,109,2880,0,0,8,39,0,0,79,11,413,635.6,0.0,2.0,63.7,0.0,3.4,20.2,0,0
413,Bayindir,Man Utd,GKP,4.5,11,540,0,0,0,11,0,0,13,0,49,118.4,10.0,0.0,12.8,0.0,1.8,0.2,0,0
414,Heaton,Man Utd,GKP,4.0,0,0,0,0,0,0,0,0,0,0,0,0.0,0.0,0.0,0.0,0.0,0.0,0.3,0,0
415,Dorgu,Man Utd,MID,6.0,95,1440,4,4,4,20,5,0,0,11,321,469.0,394.2,341.0,120.3,0.0,3.7,2.0,0,0
416,De Ligt,Man Utd,DEF,5.0,43,1170,1,0,1,20,0,0,0,5,169,276.6,60.2,122.0,45.7,0.0,3.3,0.0,0,0
417,Dalot,Man Utd,DEF,5.0,111,2609,1,6,7,40,5,0,0,9,414,535.8,458.5,202.0,119.6,0.0,3.3,3.1,0,0
418,Maguire,Man Utd,DEF,5.0,90,1649,1,2,7,20,3,1,0,5,315,381.6,62.5,184.0,63.0,0.0,3.9,7.2,0,0
419,Martinez,Man Utd,DEF,5.0,51,1229,0,0,5,15,0,1,0,3,241,302.8,94.9,19.0,42.0,0.0,2.8,0.9,0,0
420,Yoro,Man Utd,DEF,5.0,56,1730,0,1,2,33,1,0,0,1,191,327.0,83.1,124.0,53.2,0.0,1.8,0.6,0,0
421,Heaven,Man Utd,DEF,4.5,42,920,0,1,2,15,2,0,0,3,164,233.6,32.0,26.0,29.1,0.0,2.5,0.3,0,0
422,Mazraoui,Man Utd,DEF,4.5,53,977,0,0,5,10,3,0,0,6,233,209.0,122.4,37.0,36.8,0.0,2.6,0.8,0,0
423,Shaw,Man Utd,DEF,4.5,113,3220,1,1,10,45,9,0,0,3,449,560.2,314.8,97.0,97.4,0.0,3.0,24.1,0,0
424,Amass,Man Utd,DEF,4.0,0,0,0,0,0,0,0,0,0,0,0,0.0,0.0,0.0,0.0,0.0,0.0,0.2,0,0
425,Fredricson,Man Utd,DEF,4.0,1,2,0,0,0,0,0,0,0,0,4,4.0,0.0,0.0,0.4,0.0,1.0,0.1,0,0
426,B.Fernandes,Man Utd,MID,12.0,235,3065,9,24,7,46,5,0,0,41,1008,1258.0,1938.5,614.0,381.4,0.0,6.7,48.8,0,0
427,Mbeumo,Man Utd,MID,8.0,148,2611,11,3,8,37,4,0,0,16,528,628.8,803.1,882.0,231.4,0.0,4.5,13.6,0,0
428,Cunha,Man Utd,MID,8.0,143,2493,10,4,8,35,4,0,0,14,591,675.8,545.4,801.0,202.5,0.0,4.3,15.2,0,0
429,Rashford,Man Utd,MID,7.0,0,0,0,0,0,0,0,0,0,0,0,0.0,0.0,0.0,0.0,0.0,0.0,1.5,0,0
430,Mount,Man Utd,MID,5.5,58,1010,3,0,5,15,2,0,0,3,201,201.2,214.1,165.0,58.0,0.0,2.5,0.1,0,0
431,Amad,Man Utd,MID,6.0,91,2339,2,5,6,33,2,0,0,7,463,436.6,596.1,600.0,163.5,0.0,2.8,1.5,0,0
432,Mainoo,Man Utd,MID,5.5,73,1653,1,2,6,22,2,0,0,2,340,365.0,360.1,94.0,82.1,0.0,2.6,1.3,0,0
433,Ugarte,Man Utd,MID,5.0,38,876,0,0,1,23,1,0,0,0,183,167.2,83.6,48.0,29.8,0.0,1.7,0.0,0,0
434,J.Fletcher,Man Utd,MID,5.0,3,107,0,0,0,0,0,0,0,0,10,18.6,24.4,5.0,4.8,0.0,1.0,0.0,0,0
435,Lacey,Man Utd,MID,5.0,3,40,0,0,0,0,0,0,0,0,9,4.0,2.1,16.0,1.7,0.0,1.0,0.1,0,0
436,Collyer,Man Utd,MID,5.0,0,0,0,0,0,0,0,0,0,0,0,0.0,0.0,0.0,0.0,0.0,0.0,0.0,0,0
437,Bendito Mantato,Man Utd,MID,4.5,1,15,0,0,0,0,0,0,0,0,3,2.2,11.7,0.0,1.4,0.0,1.0,0.2,0,0
438,Fletcher,Man Utd,MID,4.5,2,17,0,0,0,0,0,0,0,0,6,0.8,3.0,0.0,0.3,0.0,1.0,0.3,0,0
439,Šeško,Man Utd,FWD,7.0,111,1630,11,2,2,30,2,0,0,19,405,483.8,156.1,803.0,143.4,0.0,3.7,3.1,0,0
440,Zirkzee,Man Utd,FWD,5.5,42,607,2,1,2,8,3,0,0,6,146,164.4,177.7,245.0,58.3,0.0,1.8,0.7,0,0
441,Obi,Man Utd,FWD,4.5,0,0,0,0,0,0,0,0,0,0,0,0.0,0.0,0.0,0.0,0.0,0.0,1.2,0,0
442,Pope,Newcastle,GKP,5.0,96,2416,0,1,7,38,2,0,89,3,414,671.0,0.0,35.0,70.7,0.0,3.6,1.1,0,0
443,Gillespie,Newcastle,GKP,4.5,0,0,0,0,0,0,0,0,0,0,0,0.0,0.0,0.0,0.0,0.0,0.0,0.1,0,0
444,Jaouen,Newcastle,GKP,4.5,0,0,0,0,0,0,0,0,0,0,0,0.0,0.0,0.0,0.0,0.0,0.0,0.1,0,0
445,Thiaw,Newcastle,DEF,5.0,126,2963,4,0,5,52,4,0,0,12,436,868.0,114.3,409.0,138.9,0.0,3.6,2.3,0,0
446,Schär,Newcastle,DEF,5.0,51,1089,0,0,4,13,1,0,0,0,186,291.2,63.6,108.0,46.4,0.0,3.2,0.1,0,0
447,Botman,Newcastle,DEF,5.0,89,1834,1,1,5,27,2,0,0,6,332,597.0,85.8,190.0,87.4,0.0,3.6,0.4,0,0
448,Burn,Newcastle,DEF,5.0,93,2195,1,3,6,36,9,1,0,5,286,525.8,107.3,186.0,82.1,0.0,3.2,2.7,0,0
449,Hall,Newcastle,DEF,5.0,79,2176,1,2,4,39,4,0,0,4,347,550.2,433.6,196.0,118.0,0.0,2.6,4.3,0,0
450,Livramento,Newcastle,DEF,5.0,59,1326,0,1,6,14,1,0,0,3,252,219.4,199.7,42.0,46.1,0.0,3.5,0.1,0,0
451,A.Murphy,Newcastle,DEF,4.0,2,7,0,0,0,1,0,0,0,0,3,10.2,0.6,2.0,1.3,0.0,1.0,0.8,0,0
452,Bruno G.,Newcastle,MID,7.0,154,2456,9,7,6,37,6,0,0,22,681,782.4,756.7,488.0,202.9,0.0,5.3,8.1,0,0
453,Barnes,Newcastle,MID,6.0,106,1951,7,1,5,31,1,0,0,9,349,404.0,387.5,682.0,147.0,0.0,2.9,1.2,0,0
454,Elanga,Newcastle,MID,6.0,48,1302,0,1,2,28,0,0,0,0,179,130.4,266.7,185.0,57.8,0.0,1.5,0.7,0,0
456,J.Ramsey,Newcastle,MID,5.0,62,1441,2,3,1,31,3,1,0,3,303,304.4,330.3,165.0,79.9,0.0,2.2,0.5,0,0
457,J.Murphy,Newcastle,MID,6.0,82,1606,3,2,8,20,2,0,0,5,314,330.8,393.7,346.0,106.0,0.0,2.5,0.2,0,0
458,Joelinton,Newcastle,MID,5.5,73,1950,2,1,5,27,10,0,0,2,304,324.4,296.3,329.0,95.0,0.0,2.7,0.0,0,0
459,L.Miley,Newcastle,MID,5.5,72,1493,1,4,2,22,0,0,0,5,334,342.6,251.4,136.0,73.0,0.0,3.1,0.0,0,0
460,Willock,Newcastle,MID,5.0,38,972,0,2,3,18,3,0,0,0,166,145.4,205.8,204.0,55.5,0.0,1.6,0.1,0,0
461,Touré,Newcastle,MID,6.0,0,0,0,0,0,0,0,0,0,0,0,0.0,0.0,0.0,0.0,0.0,0.0,0.2,0,0
462,Steur,Newcastle,MID,5.0,0,0,0,0,0,0,0,0,0,0,0,0.0,0.0,0.0,0.0,0.0,0.0,0.1,0,0
463,Woltemade,Newcastle,FWD,6.0,108,1896,8,4,8,29,0,0,0,12,399,447.2,314.4,425.0,117.5,0.0,3.3,1.7,0,0
464,Wissa,Newcastle,FWD,6.0,27,517,1,1,1,11,3,0,0,0,70,58.0,46.7,163.0,25.5,0.0,1.4,1.4,0,0
465,Osula,Newcastle,FWD,6.0,76,805,7,1,2,14,0,0,0,13,284,256.6,82.6,284.0,62.2,0.0,3.2,2.0,0,0
466,Neave,Newcastle,FWD,4.5,1,13,0,0,0,1,0,0,0,0,2,0.0,0.0,5.0,0.5,0.0,1.0,0.7,0,0
559,Bamba,Newcastle,MID,5.0,0,0,0,0,0,0,0,0,0,0,0,0.0,0.0,0.0,0.0,0.0,0.0,0.1,0,0
467,Sels,Nott'm Forest,GKP,5.0,105,2667,0,0,7,39,2,0,95,3,431,730.0,10.0,0.0,74.0,0.0,3.4,1.4,0,0
468,John,Nott'm Forest,GKP,4.5,11,437,0,0,1,8,1,0,6,0,32,56.4,0.0,0.0,5.7,0.0,2.2,0.1,0,0
469,N.Williams,Nott'm Forest,DEF,5.0,128,3203,2,3,9,48,6,1,0,15,531,804.0,572.3,380.0,175.6,0.0,3.5,13.4,0,0
470,Morato,Nott'm Forest,DEF,5.0,53,1340,1,0,2,23,5,0,0,1,190,371.2,37.6,96.0,50.5,0.0,2.5,0.1,0,0
471,Milenković,Nott'm Forest,DEF,5.5,119,3375,0,1,9,51,6,0,0,2,401,680.4,66.9,120.0,86.9,0.0,3.1,2.2,0,0
472,Murillo,Nott'm Forest,DEF,5.5,83,2130,1,0,6,29,5,0,0,3,333,542.2,115.5,82.0,74.0,0.0,3.3,0.2,0,0
473,Aina,Nott'm Forest,DEF,4.5,67,1587,0,2,6,19,3,0,0,5,264,285.2,160.3,58.0,50.5,0.0,3.7,4.9,0,0
474,Jair Cunha,Nott'm Forest,DEF,4.5,13,514,0,0,0,7,0,0,0,0,48,98.0,15.2,29.0,14.2,0.0,1.4,0.7,0,0
475,Savona,Nott'm Forest,DEF,4.5,39,1025,2,0,3,18,2,0,0,0,131,216.6,123.2,94.0,43.5,0.0,2.8,0.0,0,0
476,O.Richards,Nott'm Forest,DEF,4.0,0,0,0,0,0,0,0,0,0,0,0,0.0,0.0,0.0,0.0,0.0,0.0,0.2,0,0
477,Abbott,Nott'm Forest,DEF,4.0,3,165,0,0,0,4,0,0,0,0,3,25.4,6.4,0.0,3.2,0.0,1.0,0.2,0,0
478,Netz,Nott'm Forest,DEF,4.5,11,353,0,0,0,5,0,0,0,0,33,63.4,30.1,10.0,10.4,0.0,1.6,0.0,0,0
479,Bindon,Nott'm Forest,DEF,4.0,0,0,0,0,0,0,0,0,0,0,0,0.0,0.0,0.0,0.0,0.0,0.0,0.2,0,0
480,Gibbs-White,Nott'm Forest,MID,8.0,188,3101,15,4,10,45,1,0,0,18,712,843.8,747.7,836.0,242.5,0.0,5.1,12.2,0,0
482,Hudson-Odoi,Nott'm Forest,MID,6.0,88,1838,3,4,6,26,0,0,0,8,358,366.6,611.7,330.0,130.6,0.0,2.9,0.0,0,0
483,Ndoye,Nott'm Forest,MID,5.5,50,1167,1,2,2,17,1,0,0,4,178,166.4,217.7,180.0,56.6,0.0,2.1,0.6,0,0
484,Hutchinson,Nott'm Forest,MID,5.5,82,1676,1,7,6,24,1,0,0,3,329,333.6,527.1,356.0,121.6,0.0,2.6,0.2,0,0
485,Bakwa,Nott'm Forest,MID,5.5,26,549,0,2,2,10,1,0,0,1,100,86.4,178.8,95.0,35.6,0.0,1.9,0.0,0,0
486,McAtee,Nott'm Forest,MID,5.5,17,288,0,1,0,9,1,0,0,0,60,51.6,82.0,39.0,17.3,0.0,1.2,0.1,0,0
487,Dominguez,Nott'm Forest,MID,5.0,48,1168,1,1,3,20,3,0,0,3,229,264.8,193.5,138.0,59.7,0.0,1.8,0.1,0,0
488,Sangaré,Nott'm Forest,MID,5.0,89,2073,2,2,8,26,5,0,0,2,366,434.4,205.9,126.0,76.8,0.0,3.2,0.4,0,0
489,Yates,Nott'm Forest,MID,4.5,30,602,0,2,0,7,3,0,0,0,123,139.0,79.7,55.0,27.2,0.0,1.4,7.6,0,0
490,Wood,Nott'm Forest,FWD,6.0,41,896,3,0,2,14,0,0,0,4,145,139.0,88.4,266.0,48.0,0.0,2.7,1.8,0,0
491,Igor Jesus,Nott'm Forest,FWD,6.0,114,2293,6,6,9,37,2,0,0,13,407,420.6,240.7,726.0,136.4,0.0,3.1,4.5,0,0
492,Awoniyi,Nott'm Forest,FWD,5.5,43,480,4,2,1,4,2,0,0,4,170,177.2,79.0,235.0,48.4,0.0,2.5,0.4,0,0
493,Kalimuendo,Nott'm Forest,FWD,5.5,9,89,0,0,0,3,0,0,0,0,24,6.8,17.7,39.0,6.3,0.0,1.0,0.1,0,0
558,Schlager,Nott'm Forest,MID,5.0,0,0,0,0,0,0,0,0,0,0,0,0.0,0.0,0.0,0.0,0.0,0.0,0.1,0,0
112,Van Hecke,Spurs,DEF,5.0,148,3210,3,3,10,44,9,0,0,8,575,980.6,240.4,295.0,152.0,0.0,4.1,8.1,0,0
455,Tonali,Spurs,MID,5.5,81,2534,0,2,7,38,4,0,0,2,477,398.0,534.1,198.0,113.4,0.0,2.3,3.0,0,0
494,Vicario,Spurs,GKP,4.5,90,2790,0,0,7,50,1,0,83,6,412,709.2,10.1,0.0,72.2,0.0,2.9,1.6,0,0
495,Austin,Spurs,GKP,4.0,0,0,0,0,0,0,0,0,0,0,0,0.0,0.0,0.0,0.0,0.0,0.0,0.6,0,0
496,Kinsky,Spurs,GKP,4.5,20,630,0,0,2,7,1,0,10,0,76,102.6,0.0,0.0,10.3,0.0,2.9,17.3,0,0
497,Dubravka,Spurs,GKP,4.0,96,3150,0,0,4,71,1,0,127,7,436,976.4,0.0,0.0,97.9,0.0,2.7,24.9,0,0
498,Senesi,Spurs,DEF,6.0,175,3288,0,6,11,53,8,0,0,14,571,1114.4,367.8,201.0,168.6,0.0,4.7,11.1,0,0
499,Pedro Porro,Spurs,DEF,5.5,117,2793,1,3,9,40,10,0,0,8,502,690.2,881.7,202.0,177.5,0.0,3.4,23.9,0,0
500,Romero,Spurs,DEF,5.0,91,1869,4,1,5,33,9,2,0,10,305,574.8,133.6,223.0,93.2,0.0,4.0,1.1,0,0
501,Danso,Spurs,DEF,5.0,63,1489,0,0,4,25,8,0,0,1,219,407.0,49.5,96.0,55.5,0.0,2.6,0.2,0,0
502,Robertson,Spurs,DEF,4.5,55,1165,1,0,4,16,0,0,0,4,216,239.8,318.8,121.0,68.2,0.0,2.3,1.7,0,0
503,Van de Ven,Spurs,DEF,5.0,116,3041,4,1,9,50,9,1,0,10,431,683.4,95.2,218.0,99.6,0.0,3.3,6.4,0,0
505,Spence,Spurs,DEF,4.5,78,2049,0,0,9,31,4,0,0,3,271,291.0,209.7,207.0,70.5,0.0,2.6,10.1,0,0
506,Udogie,Spurs,DEF,4.5,29,1335,0,1,1,25,4,0,0,1,121,207.2,187.0,103.0,49.8,0.0,1.4,0.4,0,0
507,Phillips,Spurs,DEF,4.5,0,0,0,0,0,0,0,0,0,0,0,0.0,0.0,0.0,0.0,0.0,0.0,0.1,0,0
508,Davies,Spurs,DEF,4.0,10,136,1,0,0,3,1,0,0,1,29,67.4,22.2,52.0,14.2,0.0,3.3,0.7,0,0
509,Byfield,Spurs,DEF,4.0,1,1,0,0,0,0,0,0,0,0,3,0.4,0.5,0.0,0.1,0.0,1.0,0.1,0,0
510,Rowswell,Spurs,DEF,4.0,1,1,0,0,0,0,0,0,0,0,3,0.0,0.0,0.0,0.0,0.0,1.0,0.1,0,0
511,Souza,Spurs,DEF,4.0,3,142,0,0,0,3,1,0,0,0,0,12.8,31.9,17.0,6.2,0.0,0.8,0.3,0,0
512,Kudus,Spurs,MID,6.5,75,1535,2,6,7,20,3,0,0,7,257,333.4,413.8,302.0,104.7,0.0,3.9,0.3,0,0
513,Xavi,Spurs,MID,6.0,80,1747,2,5,4,36,5,1,0,7,345,349.6,533.8,255.0,113.9,0.0,2.9,0.0,0,0
514,Tel,Spurs,MID,6.0,78,1334,4,2,3,23,1,0,0,7,266,303.4,457.2,312.0,107.6,0.0,2.5,0.3,0,0
515,Maddison,Spurs,MID,6.5,3,34,0,0,0,0,0,0,0,0,5,2.8,9.5,15.0,2.8,0.0,1.0,2.4,0,0
516,Bentancur,Spurs,MID,5.5,86,1880,1,1,8,25,7,0,0,4,366,349.0,197.8,124.0,67.4,0.0,3.3,0.1,0,0
517,Odobert,Spurs,MID,5.5,46,972,0,2,2,13,0,0,0,6,176,158.8,284.3,234.0,67.6,0.0,1.9,0.0,0,0
518,P.M.Sarr,Spurs,MID,5.0,71,1388,2,4,3,23,3,0,0,2,313,336.0,188.3,156.0,68.2,0.0,2.7,0.4,0,0
519,Gallagher,Spurs,MID,5.5,44,1183,1,1,2,23,2,0,0,3,211,190.6,205.9,154.0,55.1,0.0,2.8,0.2,0,0
520,Bergvall,Spurs,MID,5.5,49,955,1,3,3,18,2,0,0,0,163,164.6,106.4,147.0,41.5,0.0,2.1,0.2,0,0
521,Kulusevski,Spurs,MID,6.5,0,0,0,0,0,0,0,0,0,0,0,0.0,0.0,0.0,0.0,0.0,0.0,0.0,0,0
522,Gray,Spurs,MID,5.0,61,1471,2,2,5,28,5,0,0,6,237,259.4,138.1,158.0,55.5,0.0,2.5,0.2,0,0
523,Moore,Spurs,MID,5.0,0,0,0,0,0,0,0,0,0,0,0,0.0,0.0,0.0,0.0,0.0,0.0,0.1,0,0
524,Olusesi,Spurs,MID,4.5,1,14,0,0,0,0,0,0,0,0,3,0.6,1.8,0.0,0.2,0.0,1.0,0.9,0,0
525,Fernandes,Spurs,MID,6.0,135,3017,3,4,8,50,7,0,0,7,659,657.2,622.8,183.0,146.3,0.0,3.8,4.2,0,0
526,Solanke,Spurs,FWD,6.0,40,997,3,0,0,21,1,0,0,4,187,205.0,84.1,339.0,62.7,0.0,2.7,2.9,0,0
527,Richarlison,Spurs,FWD,6.0,119,1954,11,4,7,27,5,0,0,17,505,602.6,239.6,815.0,165.2,0.0,3.7,1.6,0,0
528,Scarlett,Spurs,FWD,4.5,2,7,0,0,0,0,0,0,0,0,5,1.0,4.1,2.0,0.7,0.0,1.0,1.8,0,0
529,Roefs,Sunderland,GKP,5.0,136,3150,0,0,10,46,4,0,109,12,573,881.6,50.0,0.0,93.1,0.0,3.9,5.5,0,0
530,Patterson,Sunderland,GKP,4.0,0,0,0,0,0,0,0,0,0,0,0,0.0,0.0,0.0,0.0,0.0,0.0,1.1,0,0
531,Ellborg,Sunderland,GKP,4.5,16,270,0,0,1,2,0,0,10,3,62,73.6,0.0,0.0,7.4,0.0,5.3,0.1,0,0
532,Ballard,Sunderland,DEF,5.0,116,2144,2,2,6,35,4,1,0,9,340,662.8,181.2,370.0,121.5,0.0,4.0,3.0,0,0
533,Mukiele,Sunderland,DEF,5.5,151,2784,3,5,9,40,5,0,0,11,489,733.6,353.1,242.0,132.9,0.0,4.7,7.7,0,0
534,Hume,Sunderland,DEF,4.5,110,3032,2,1,9,42,9,0,0,6,383,547.8,421.3,248.0,120.9,0.0,2.9,1.5,0,0
535,Alderete,Sunderland,DEF,5.0,125,2797,1,1,10,40,6,0,0,5,400,749.0,138.1,279.0,117.0,0.0,3.8,1.2,0,0
536,Reinildo,Sunderland,DEF,4.5,74,1966,0,2,6,27,7,1,0,6,281,376.4,130.2,39.0,54.7,0.0,3.0,0.5,0,0
537,Seelt,Sunderland,DEF,4.5,2,133,0,0,0,2,0,0,0,0,11,33.6,2.4,0.0,3.6,0.0,1.0,0.0,0,0
538,Hjelde,Sunderland,DEF,4.0,0,0,0,0,0,0,0,0,0,0,0,0.0,0.0,0.0,0.0,0.0,0.0,0.3,0,0
539,O'Nien,Sunderland,DEF,4.0,26,565,0,1,2,7,1,1,0,1,90,103.0,27.6,40.0,17.1,0.0,2.2,2.3,0,0
540,Masuaku,Sunderland,DEF,4.0,1,125,0,0,0,2,1,0,0,0,4,21.8,20.1,7.0,4.9,0.0,0.3,1.4,0,0
541,Meunier,Sunderland,DEF,4.5,0,0,0,0,0,0,0,0,0,0,0,0.0,0.0,0.0,0.0,0.0,0.0,0.5,0,0
542,E.Le Fée,Sunderland,MID,6.0,147,2930,5,6,10,43,5,0,0,16,621,725.8,816.4,324.0,186.9,0.0,4.1,11.2,0,0
543,Diarra,Sunderland,MID,5.5,65,1403,2,6,5,19,6,0,0,3,209,166.2,153.8,234.0,53.9,0.0,3.2,0.1,0,0
544,Xhaka,Sunderland,MID,5.5,124,2901,1,6,9,39,8,0,0,8,603,685.0,595.3,101.0,138.1,0.0,3.6,6.2,0,0
545,Sadiki,Sunderland,MID,5.0,80,2891,0,2,9,42,9,0,0,0,410,347.6,333.3,162.0,84.6,0.0,2.4,0.4,0,0
546,Adingra,Sunderland,MID,5.0,34,649,1,1,4,8,2,0,0,3,81,81.4,116.8,75.0,27.0,0.0,2.4,0.3,0,0
547,Mundle,Sunderland,MID,5.0,14,399,0,0,0,11,1,0,0,0,42,29.4,33.6,69.0,12.7,0.0,1.0,0.0,0,0
548,Rigg,Sunderland,MID,5.0,36,758,1,1,3,11,1,0,0,1,136,114.6,142.8,103.0,36.0,0.0,2.0,0.1,0,0
549,Talbi,Sunderland,MID,5.5,83,1553,4,2,7,14,0,0,0,6,248,238.8,211.5,245.0,69.1,0.0,3.0,0.2,0,0
550,Jocelin.T,Sunderland,MID,5.0,1,38,0,0,0,0,0,0,0,0,4,3.4,4.3,2.0,1.0,0.0,1.0,0.0,0,0
551,Angulo,Sunderland,MID,5.0,13,401,0,0,1,6,1,0,0,0,43,45.4,44.3,89.0,17.8,0.0,1.6,0.1,0,0
552,Brobbey,Sunderland,FWD,6.0,92,1920,7,2,6,30,6,0,0,12,309,333.4,200.5,552.0,106.7,0.0,3.0,22.2,0,0
553,Isidor,Sunderland,FWD,5.5,74,1148,6,1,4,17,1,0,0,7,266,242.0,30.4,444.0,71.5,0.0,2.3,1.3,0,0
